2024/11/23 15:48:27.904	b135e9c82f3b5af8414a656ace8a78c8d45a7834	Windows 11  (10.0.22631) 64bit (Editor)	True	null	null	null	null	null	null	None	0	null	0	0	null	null	null	null	null	
2024/11/23 15:48:28.009	b135e9c82f3b5af8414a656ace8a78c8d45a7834	Windows 11  (10.0.22631) 64bit (Editor)	True	null	null	null	null	null	null	None	0	null	0	0	null	null	null	null	null	
2024/11/23 15:48:28.739	b135e9c82f3b5af8414a656ace8a78c8d45a7834	Windows 11  (10.0.22631) 64bit (Editor)	True	null	null	null	null	null	null	None	0	null	0	0	null	null	null	null	null	
2024/11/23 15:48:28.777	b135e9c82f3b5af8414a656ace8a78c8d45a7834	Windows 11  (10.0.22631) 64bit (Editor)	True	null	null	null	null	null	null	None	0	null	0	0	null	null	null	null	null	
2024/11/23 15:48:28.790	b135e9c82f3b5af8414a656ace8a78c8d45a7834	Windows 11  (10.0.22631) 64bit (Editor)	True	null	null	null	null	null	null	None	0	null	0	0	null	null	null	null	null	
2024/11/23 15:48:28.796	b135e9c82f3b5af8414a656ace8a78c8d45a7834	Windows 11  (10.0.22631) 64bit (Editor)	True	null	null	null	null	null	null	None	0	null	0	0	null	null	null	null	null	
2024/11/23 15:48:28.804	b135e9c82f3b5af8414a656ace8a78c8d45a7834	Windows 11  (10.0.22631) 64bit (Editor)	True	null	null	null	null	null	null	None	0	null	0	0	null	null	null	null	null	
2024/11/23 15:48:28.812	b135e9c82f3b5af8414a656ace8a78c8d45a7834	Windows 11  (10.0.22631) 64bit (Editor)	True	null	null	null	null	null	null	None	0	null	0	0	null	null	null	null	null	
2024/11/23 15:48:28.819	b135e9c82f3b5af8414a656ace8a78c8d45a7834	Windows 11  (10.0.22631) 64bit (Editor)	True	null	null	null	null	null	null	None	0	null	0	0	null	null	null	null	null	
2024/11/23 15:48:28.826	b135e9c82f3b5af8414a656ace8a78c8d45a7834	Windows 11  (10.0.22631) 64bit (Editor)	True	null	null	null	null	null	null	None	0	null	0	0	null	null	null	null	null	
2024/11/23 15:48:28.832	b135e9c82f3b5af8414a656ace8a78c8d45a7834	Windows 11  (10.0.22631) 64bit (Editor)	True	null	null	null	null	null	null	None	0	null	0	0	null	null	null	null	null	
2024/11/23 15:48:28.839	b135e9c82f3b5af8414a656ace8a78c8d45a7834	Windows 11  (10.0.22631) 64bit (Editor)	True	null	null	null	null	null	null	None	0	null	0	0	null	null	null	null	null	
2024/11/23 15:48:28.846	b135e9c82f3b5af8414a656ace8a78c8d45a7834	Windows 11  (10.0.22631) 64bit (Editor)	True	null	null	null	null	null	null	None	0	null	0	0	null	null	null	null	null	
2024/11/23 15:48:28.853	b135e9c82f3b5af8414a656ace8a78c8d45a7834	Windows 11  (10.0.22631) 64bit (Editor)	True	null	null	null	null	null	null	None	0	null	0	0	null	null	null	null	null	
2024/11/23 15:48:28.860	b135e9c82f3b5af8414a656ace8a78c8d45a7834	Windows 11  (10.0.22631) 64bit (Editor)	True	null	null	null	null	null	null	None	0	null	0	0	null	null	null	null	null	
2024/11/23 15:48:28.867	b135e9c82f3b5af8414a656ace8a78c8d45a7834	Windows 11  (10.0.22631) 64bit (Editor)	True	null	null	null	null	null	null	None	0	null	0	0	null	null	null	null	null	
2024/11/23 15:48:28.874	b135e9c82f3b5af8414a656ace8a78c8d45a7834	Windows 11  (10.0.22631) 64bit (Editor)	True	null	null	null	null	null	null	None	0	null	0	0	null	null	null	null	null	
2024/11/23 15:48:28.882	b135e9c82f3b5af8414a656ace8a78c8d45a7834	Windows 11  (10.0.22631) 64bit (Editor)	True	null	null	null	null	null	null	None	0	null	0	0	null	null	null	null	null	
2024/11/23 15:48:28.899	b135e9c82f3b5af8414a656ace8a78c8d45a7834	Windows 11  (10.0.22631) 64bit (Editor)	True	null	null	null	null	null	null	None	0	null	0	0	null	null	null	null	null	
2024/11/23 15:48:28.908	b135e9c82f3b5af8414a656ace8a78c8d45a7834	Windows 11  (10.0.22631) 64bit (Editor)	True	null	null	null	null	null	null	None	0	null	0	0	null	null	null	null	null	
2024/11/23 15:48:28.914	b135e9c82f3b5af8414a656ace8a78c8d45a7834	Windows 11  (10.0.22631) 64bit (Editor)	True	null	null	null	null	null	null	None	0	null	0	0	null	null	null	null	null	
2024/11/23 15:48:28.923	b135e9c82f3b5af8414a656ace8a78c8d45a7834	Windows 11  (10.0.22631) 64bit (Editor)	True	null	null	null	null	null	null	None	0	null	0	0	null	null	null	null	null	
2024/11/23 15:48:28.929	b135e9c82f3b5af8414a656ace8a78c8d45a7834	Windows 11  (10.0.22631) 64bit (Editor)	True	null	null	null	null	null	null	None	0	null	0	0	null	null	null	null	null	
2024/11/23 15:48:28.937	b135e9c82f3b5af8414a656ace8a78c8d45a7834	Windows 11  (10.0.22631) 64bit (Editor)	True	null	null	null	null	null	null	None	0	null	0	0	null	null	null	null	null	
2024/11/23 15:48:28.944	b135e9c82f3b5af8414a656ace8a78c8d45a7834	Windows 11  (10.0.22631) 64bit (Editor)	True	null	null	null	null	null	null	None	0	null	0	0	null	null	null	null	null	
2024/11/23 15:48:28.951	b135e9c82f3b5af8414a656ace8a78c8d45a7834	Windows 11  (10.0.22631) 64bit (Editor)	True	null	null	null	null	null	null	None	0	null	0	0	null	null	null	null	null	
2024/11/23 15:48:28.958	b135e9c82f3b5af8414a656ace8a78c8d45a7834	Windows 11  (10.0.22631) 64bit (Editor)	True	null	null	null	null	null	null	None	0	null	0	0	null	null	null	null	null	
2024/11/23 15:48:28.964	b135e9c82f3b5af8414a656ace8a78c8d45a7834	Windows 11  (10.0.22631) 64bit (Editor)	True	null	null	null	null	null	null	None	0	null	0	0	null	null	null	null	null	
2024/11/23 15:48:28.971	b135e9c82f3b5af8414a656ace8a78c8d45a7834	Windows 11  (10.0.22631) 64bit (Editor)	True	null	null	null	null	null	null	None	0	null	0	0	null	null	null	null	null	
2024/11/23 15:48:28.979	b135e9c82f3b5af8414a656ace8a78c8d45a7834	Windows 11  (10.0.22631) 64bit (Editor)	True	null	null	null	null	null	null	None	0	null	0	0	null	null	null	null	null	
2024/11/23 15:48:28.986	b135e9c82f3b5af8414a656ace8a78c8d45a7834	Windows 11  (10.0.22631) 64bit (Editor)	True	null	null	null	null	null	null	None	0	null	0	0	null	null	null	null	null	
2024/11/23 15:48:28.993	b135e9c82f3b5af8414a656ace8a78c8d45a7834	Windows 11  (10.0.22631) 64bit (Editor)	True	null	null	null	null	null	null	None	0	null	0	0	null	null	null	null	null	
2024/11/23 15:48:29.002	b135e9c82f3b5af8414a656ace8a78c8d45a7834	Windows 11  (10.0.22631) 64bit (Editor)	True	null	null	null	null	null	null	None	0	null	0	0	null	null	null	null	null	
2024/11/23 15:48:29.009	b135e9c82f3b5af8414a656ace8a78c8d45a7834	Windows 11  (10.0.22631) 64bit (Editor)	True	null	null	null	null	null	null	None	0	null	0	0	null	null	null	null	null	
2024/11/23 15:48:29.015	b135e9c82f3b5af8414a656ace8a78c8d45a7834	Windows 11  (10.0.22631) 64bit (Editor)	True	null	null	null	null	null	null	None	0	null	0	0	null	null	null	null	null	
2024/11/23 15:48:29.023	b135e9c82f3b5af8414a656ace8a78c8d45a7834	Windows 11  (10.0.22631) 64bit (Editor)	True	null	null	null	null	null	null	None	0	null	0	0	null	null	null	null	null	
2024/11/23 15:48:29.030	b135e9c82f3b5af8414a656ace8a78c8d45a7834	Windows 11  (10.0.22631) 64bit (Editor)	True	null	null	null	null	null	null	None	0	null	0	0	null	null	null	null	null	
2024/11/23 15:48:29.037	b135e9c82f3b5af8414a656ace8a78c8d45a7834	Windows 11  (10.0.22631) 64bit (Editor)	True	null	null	null	null	null	null	None	0	null	0	0	null	null	null	null	null	
2024/11/23 15:48:29.053	b135e9c82f3b5af8414a656ace8a78c8d45a7834	Windows 11  (10.0.22631) 64bit (Editor)	True	null	null	null	null	null	null	None	0	null	0	0	null	null	null	null	null	
2024/11/23 15:48:29.061	b135e9c82f3b5af8414a656ace8a78c8d45a7834	Windows 11  (10.0.22631) 64bit (Editor)	True	null	null	null	null	null	null	None	0	null	0	0	null	null	null	null	null	
2024/11/23 15:48:29.068	b135e9c82f3b5af8414a656ace8a78c8d45a7834	Windows 11  (10.0.22631) 64bit (Editor)	True	null	null	null	null	null	null	None	0	null	0	0	null	null	null	null	null	
2024/11/23 15:48:29.075	b135e9c82f3b5af8414a656ace8a78c8d45a7834	Windows 11  (10.0.22631) 64bit (Editor)	True	null	null	null	null	null	null	None	0	null	0	0	null	null	null	null	null	
2024/11/23 15:48:29.083	b135e9c82f3b5af8414a656ace8a78c8d45a7834	Windows 11  (10.0.22631) 64bit (Editor)	True	null	null	null	null	null	null	None	0	null	0	0	null	null	null	null	null	
2024/11/23 15:48:29.090	b135e9c82f3b5af8414a656ace8a78c8d45a7834	Windows 11  (10.0.22631) 64bit (Editor)	True	null	null	null	null	null	null	None	0	null	0	0	null	null	null	null	null	
2024/11/23 15:48:29.096	b135e9c82f3b5af8414a656ace8a78c8d45a7834	Windows 11  (10.0.22631) 64bit (Editor)	True	null	null	null	null	null	null	None	0	null	0	0	null	null	null	null	null	
2024/11/23 15:48:29.104	b135e9c82f3b5af8414a656ace8a78c8d45a7834	Windows 11  (10.0.22631) 64bit (Editor)	True	null	null	null	null	null	null	None	0	null	0	0	null	null	null	null	null	
2024/11/23 15:48:29.111	b135e9c82f3b5af8414a656ace8a78c8d45a7834	Windows 11  (10.0.22631) 64bit (Editor)	True	null	null	null	null	null	null	None	0	null	0	0	null	null	null	null	null	
2024/11/23 15:48:29.117	b135e9c82f3b5af8414a656ace8a78c8d45a7834	Windows 11  (10.0.22631) 64bit (Editor)	True	null	null	null	null	null	null	None	0	null	0	0	null	null	null	null	null	
2024/11/23 15:48:29.126	b135e9c82f3b5af8414a656ace8a78c8d45a7834	Windows 11  (10.0.22631) 64bit (Editor)	True	null	null	null	null	null	null	None	0	null	0	0	null	null	null	null	null	
2024/11/23 15:48:29.131	b135e9c82f3b5af8414a656ace8a78c8d45a7834	Windows 11  (10.0.22631) 64bit (Editor)	True	null	null	null	null	null	null	None	0	null	0	0	null	null	null	null	null	
2024/11/23 15:48:29.138	b135e9c82f3b5af8414a656ace8a78c8d45a7834	Windows 11  (10.0.22631) 64bit (Editor)	True	null	null	null	null	null	null	None	0	null	0	0	null	null	null	null	null	
2024/11/23 15:48:29.146	b135e9c82f3b5af8414a656ace8a78c8d45a7834	Windows 11  (10.0.22631) 64bit (Editor)	True	null	null	null	null	null	null	None	0	null	0	0	null	null	null	null	null	
2024/11/23 15:48:29.152	b135e9c82f3b5af8414a656ace8a78c8d45a7834	Windows 11  (10.0.22631) 64bit (Editor)	True	null	null	null	null	null	null	None	0	null	0	0	null	null	null	null	null	
2024/11/23 15:48:29.159	b135e9c82f3b5af8414a656ace8a78c8d45a7834	Windows 11  (10.0.22631) 64bit (Editor)	True	null	null	null	null	null	null	None	0	null	0	0	null	null	null	null	null	
2024/11/23 15:48:29.165	b135e9c82f3b5af8414a656ace8a78c8d45a7834	Windows 11  (10.0.22631) 64bit (Editor)	True	null	null	null	null	null	null	None	0	null	0	0	null	null	null	null	null	
2024/11/23 15:48:29.172	b135e9c82f3b5af8414a656ace8a78c8d45a7834	Windows 11  (10.0.22631) 64bit (Editor)	True	null	null	null	null	null	null	None	0	null	0	0	null	null	null	null	null	
2024/11/23 15:48:29.179	b135e9c82f3b5af8414a656ace8a78c8d45a7834	Windows 11  (10.0.22631) 64bit (Editor)	True	null	null	null	null	null	null	None	0	null	0	0	null	null	null	null	null	
2024/11/23 15:48:29.185	b135e9c82f3b5af8414a656ace8a78c8d45a7834	Windows 11  (10.0.22631) 64bit (Editor)	True	null	null	null	null	null	null	None	0	null	0	0	null	null	null	null	null	
2024/11/23 15:48:29.191	b135e9c82f3b5af8414a656ace8a78c8d45a7834	Windows 11  (10.0.22631) 64bit (Editor)	True	null	null	null	null	null	null	None	0	null	0	0	null	null	null	null	null	
2024/11/23 15:48:29.207	b135e9c82f3b5af8414a656ace8a78c8d45a7834	Windows 11  (10.0.22631) 64bit (Editor)	True	null	null	null	null	null	null	None	0	null	0	0	null	null	null	null	null	
2024/11/23 15:48:29.215	b135e9c82f3b5af8414a656ace8a78c8d45a7834	Windows 11  (10.0.22631) 64bit (Editor)	True	null	null	null	null	null	null	None	0	null	0	0	null	null	null	null	null	
2024/11/23 15:48:29.224	b135e9c82f3b5af8414a656ace8a78c8d45a7834	Windows 11  (10.0.22631) 64bit (Editor)	True	null	null	null	null	null	null	None	0	null	0	0	null	null	null	null	null	
2024/11/23 15:48:29.231	b135e9c82f3b5af8414a656ace8a78c8d45a7834	Windows 11  (10.0.22631) 64bit (Editor)	True	null	null	null	null	null	null	None	0	null	0	0	null	null	null	null	null	
2024/11/23 15:48:29.238	b135e9c82f3b5af8414a656ace8a78c8d45a7834	Windows 11  (10.0.22631) 64bit (Editor)	True	null	null	null	null	null	null	None	0	null	0	0	null	null	null	null	null	
2024/11/23 15:48:29.245	b135e9c82f3b5af8414a656ace8a78c8d45a7834	Windows 11  (10.0.22631) 64bit (Editor)	True	null	null	null	null	null	null	None	0	null	0	0	null	null	null	null	null	
2024/11/23 15:48:29.253	b135e9c82f3b5af8414a656ace8a78c8d45a7834	Windows 11  (10.0.22631) 64bit (Editor)	True	null	null	null	null	null	null	None	0	null	0	0	null	null	null	null	null	
2024/11/23 15:48:29.259	b135e9c82f3b5af8414a656ace8a78c8d45a7834	Windows 11  (10.0.22631) 64bit (Editor)	True	null	null	null	null	null	null	None	0	null	0	0	null	null	null	null	null	
2024/11/23 15:48:29.266	b135e9c82f3b5af8414a656ace8a78c8d45a7834	Windows 11  (10.0.22631) 64bit (Editor)	True	null	null	null	null	null	null	None	0	null	0	0	null	null	null	null	null	
2024/11/23 15:48:29.273	b135e9c82f3b5af8414a656ace8a78c8d45a7834	Windows 11  (10.0.22631) 64bit (Editor)	True	null	null	null	null	null	null	None	0	null	0	0	null	null	null	null	null	
2024/11/23 15:48:29.280	b135e9c82f3b5af8414a656ace8a78c8d45a7834	Windows 11  (10.0.22631) 64bit (Editor)	True	null	null	null	null	null	null	None	0	null	0	0	null	null	null	null	null	
2024/11/23 15:48:29.287	b135e9c82f3b5af8414a656ace8a78c8d45a7834	Windows 11  (10.0.22631) 64bit (Editor)	True	null	null	null	null	null	null	None	0	null	0	0	null	null	null	null	null	
2024/11/23 15:48:29.293	b135e9c82f3b5af8414a656ace8a78c8d45a7834	Windows 11  (10.0.22631) 64bit (Editor)	True	null	null	null	null	null	null	None	0	null	0	0	null	null	null	null	null	
2024/11/23 15:48:29.301	b135e9c82f3b5af8414a656ace8a78c8d45a7834	Windows 11  (10.0.22631) 64bit (Editor)	True	null	null	null	null	null	null	None	0	null	0	0	null	null	null	null	null	
2024/11/23 15:48:29.307	b135e9c82f3b5af8414a656ace8a78c8d45a7834	Windows 11  (10.0.22631) 64bit (Editor)	True	null	null	null	null	null	null	None	0	null	0	0	null	null	null	null	null	
2024/11/23 15:48:29.315	b135e9c82f3b5af8414a656ace8a78c8d45a7834	Windows 11  (10.0.22631) 64bit (Editor)	True	null	null	null	null	null	null	None	0	null	0	0	null	null	null	null	null	
2024/11/23 15:48:29.323	b135e9c82f3b5af8414a656ace8a78c8d45a7834	Windows 11  (10.0.22631) 64bit (Editor)	True	null	null	null	null	null	null	None	0	null	0	0	null	null	null	null	null	
2024/11/23 15:48:29.330	b135e9c82f3b5af8414a656ace8a78c8d45a7834	Windows 11  (10.0.22631) 64bit (Editor)	True	null	null	null	null	null	null	None	0	null	0	0	null	null	null	null	null	
2024/11/23 15:48:29.338	b135e9c82f3b5af8414a656ace8a78c8d45a7834	Windows 11  (10.0.22631) 64bit (Editor)	True	null	null	null	null	null	null	None	0	null	0	0	null	null	null	null	null	
2024/11/23 15:48:29.344	b135e9c82f3b5af8414a656ace8a78c8d45a7834	Windows 11  (10.0.22631) 64bit (Editor)	True	null	null	null	null	null	null	None	0	null	0	0	null	null	null	null	null	
2024/11/23 15:48:29.362	b135e9c82f3b5af8414a656ace8a78c8d45a7834	Windows 11  (10.0.22631) 64bit (Editor)	True	null	null	null	null	null	null	None	0	null	0	0	null	null	null	null	null	
2024/11/23 15:48:29.369	b135e9c82f3b5af8414a656ace8a78c8d45a7834	Windows 11  (10.0.22631) 64bit (Editor)	True	null	null	null	null	null	null	None	0	null	0	0	null	null	null	null	null	
2024/11/23 15:48:29.375	b135e9c82f3b5af8414a656ace8a78c8d45a7834	Windows 11  (10.0.22631) 64bit (Editor)	True	null	null	null	null	null	null	None	0	null	0	0	null	null	null	null	null	
2024/11/23 15:48:29.383	b135e9c82f3b5af8414a656ace8a78c8d45a7834	Windows 11  (10.0.22631) 64bit (Editor)	True	null	null	null	null	null	null	None	0	null	0	0	null	null	null	null	null	
2024/11/23 15:48:29.390	b135e9c82f3b5af8414a656ace8a78c8d45a7834	Windows 11  (10.0.22631) 64bit (Editor)	True	null	null	null	null	null	null	None	0	null	0	0	null	null	null	null	null	
2024/11/23 15:48:29.397	b135e9c82f3b5af8414a656ace8a78c8d45a7834	Windows 11  (10.0.22631) 64bit (Editor)	True	null	null	null	null	null	null	None	0	null	0	0	null	null	null	null	null	
2024/11/23 15:48:29.405	b135e9c82f3b5af8414a656ace8a78c8d45a7834	Windows 11  (10.0.22631) 64bit (Editor)	True	null	null	null	null	null	null	None	0	null	0	0	null	null	null	null	null	
2024/11/23 15:48:29.433	b135e9c82f3b5af8414a656ace8a78c8d45a7834	Windows 11  (10.0.22631) 64bit (Editor)	True	null	null	null	null	null	null	None	0	null	0	0	null	null	null	null	null	
2024/11/23 15:48:29.445	b135e9c82f3b5af8414a656ace8a78c8d45a7834	Windows 11  (10.0.22631) 64bit (Editor)	True	null	null	null	null	null	null	None	0	null	0	0	null	null	null	null	null	
2024/11/23 15:48:29.456	b135e9c82f3b5af8414a656ace8a78c8d45a7834	Windows 11  (10.0.22631) 64bit (Editor)	True	null	null	null	null	null	null	None	0	null	0	0	null	null	null	null	null	
2024/11/23 15:48:29.465	b135e9c82f3b5af8414a656ace8a78c8d45a7834	Windows 11  (10.0.22631) 64bit (Editor)	True	null	null	null	null	null	null	None	0	null	0	0	null	null	null	null	null	
2024/11/23 15:48:29.477	b135e9c82f3b5af8414a656ace8a78c8d45a7834	Windows 11  (10.0.22631) 64bit (Editor)	True	null	null	null	null	null	null	None	0	null	0	0	null	null	null	null	null	
2024/11/23 15:48:29.485	b135e9c82f3b5af8414a656ace8a78c8d45a7834	Windows 11  (10.0.22631) 64bit (Editor)	True	null	null	null	null	null	null	None	0	null	0	0	null	null	null	null	null	
2024/11/23 15:48:29.494	b135e9c82f3b5af8414a656ace8a78c8d45a7834	Windows 11  (10.0.22631) 64bit (Editor)	True	null	null	null	null	null	null	None	0	null	0	0	null	null	null	null	null	
2024/11/23 15:48:29.503	b135e9c82f3b5af8414a656ace8a78c8d45a7834	Windows 11  (10.0.22631) 64bit (Editor)	True	null	null	null	null	null	null	None	0	null	0	0	null	null	null	null	null	
2024/11/23 15:48:29.524	b135e9c82f3b5af8414a656ace8a78c8d45a7834	Windows 11  (10.0.22631) 64bit (Editor)	True	null	null	null	null	null	null	None	0	null	0	0	null	null	null	null	null	
2024/11/23 15:48:29.532	b135e9c82f3b5af8414a656ace8a78c8d45a7834	Windows 11  (10.0.22631) 64bit (Editor)	True	null	null	null	null	null	null	None	0	null	0	0	null	null	null	null	null	
2024/11/23 15:48:29.544	b135e9c82f3b5af8414a656ace8a78c8d45a7834	Windows 11  (10.0.22631) 64bit (Editor)	True	null	null	null	null	null	null	None	0	null	0	0	null	null	null	null	null	
2024/11/23 15:48:29.551	b135e9c82f3b5af8414a656ace8a78c8d45a7834	Windows 11  (10.0.22631) 64bit (Editor)	True	null	null	null	null	null	null	None	0	null	0	0	null	null	null	null	null	
2024/11/23 15:48:29.561	b135e9c82f3b5af8414a656ace8a78c8d45a7834	Windows 11  (10.0.22631) 64bit (Editor)	True	null	null	null	null	null	null	None	0	null	0	0	null	null	null	null	null	
2024/11/23 15:48:29.571	b135e9c82f3b5af8414a656ace8a78c8d45a7834	Windows 11  (10.0.22631) 64bit (Editor)	True	null	null	null	null	null	null	None	0	null	0	0	null	null	null	null	null	
2024/11/23 15:48:29.581	b135e9c82f3b5af8414a656ace8a78c8d45a7834	Windows 11  (10.0.22631) 64bit (Editor)	True	null	null	null	null	null	null	None	0	null	0	0	null	null	null	null	null	
2024/11/23 15:48:29.590	b135e9c82f3b5af8414a656ace8a78c8d45a7834	Windows 11  (10.0.22631) 64bit (Editor)	True	null	null	null	null	null	null	None	0	null	0	0	null	null	null	null	null	
2024/11/23 15:48:29.599	b135e9c82f3b5af8414a656ace8a78c8d45a7834	Windows 11  (10.0.22631) 64bit (Editor)	True	null	null	null	null	null	null	None	0	null	0	0	null	null	null	null	null	
2024/11/23 15:48:29.607	b135e9c82f3b5af8414a656ace8a78c8d45a7834	Windows 11  (10.0.22631) 64bit (Editor)	True	null	null	null	null	null	null	None	0	null	0	0	null	null	null	null	null	
2024/11/23 15:48:29.614	b135e9c82f3b5af8414a656ace8a78c8d45a7834	Windows 11  (10.0.22631) 64bit (Editor)	True	null	null	null	null	null	null	None	0	null	0	0	null	null	null	null	null	
2024/11/23 15:48:29.621	b135e9c82f3b5af8414a656ace8a78c8d45a7834	Windows 11  (10.0.22631) 64bit (Editor)	True	null	null	null	null	null	null	None	0	null	0	0	null	null	null	null	null	
2024/11/23 15:48:29.628	b135e9c82f3b5af8414a656ace8a78c8d45a7834	Windows 11  (10.0.22631) 64bit (Editor)	True	null	null	null	null	null	null	None	0	null	0	0	null	null	null	null	null	
2024/11/23 15:48:29.635	b135e9c82f3b5af8414a656ace8a78c8d45a7834	Windows 11  (10.0.22631) 64bit (Editor)	True	null	null	null	null	null	null	None	0	null	0	0	null	null	null	null	null	
2024/11/23 15:48:29.642	b135e9c82f3b5af8414a656ace8a78c8d45a7834	Windows 11  (10.0.22631) 64bit (Editor)	True	null	null	null	null	null	null	None	0	null	0	0	null	null	null	null	null	
2024/11/23 15:48:29.648	b135e9c82f3b5af8414a656ace8a78c8d45a7834	Windows 11  (10.0.22631) 64bit (Editor)	True	null	null	null	null	null	null	None	0	null	0	0	null	null	null	null	null	
2024/11/23 15:48:29.656	b135e9c82f3b5af8414a656ace8a78c8d45a7834	Windows 11  (10.0.22631) 64bit (Editor)	True	null	null	null	null	null	null	None	0	null	0	0	null	null	null	null	null	
2024/11/23 15:48:29.673	b135e9c82f3b5af8414a656ace8a78c8d45a7834	Windows 11  (10.0.22631) 64bit (Editor)	True	null	null	null	null	null	null	None	0	null	0	0	null	null	null	null	null	
2024/11/23 15:48:29.680	b135e9c82f3b5af8414a656ace8a78c8d45a7834	Windows 11  (10.0.22631) 64bit (Editor)	True	null	null	null	null	null	null	None	0	null	0	0	null	null	null	null	null	
2024/11/23 15:48:29.687	b135e9c82f3b5af8414a656ace8a78c8d45a7834	Windows 11  (10.0.22631) 64bit (Editor)	True	null	null	null	null	null	null	None	0	null	0	0	null	null	null	null	null	
2024/11/23 15:48:29.694	b135e9c82f3b5af8414a656ace8a78c8d45a7834	Windows 11  (10.0.22631) 64bit (Editor)	True	null	null	null	null	null	null	None	0	null	0	0	null	null	null	null	null	
2024/11/23 15:48:29.701	b135e9c82f3b5af8414a656ace8a78c8d45a7834	Windows 11  (10.0.22631) 64bit (Editor)	True	null	null	null	null	null	null	None	0	null	0	0	null	null	null	null	null	
2024/11/23 15:48:29.707	b135e9c82f3b5af8414a656ace8a78c8d45a7834	Windows 11  (10.0.22631) 64bit (Editor)	True	null	null	null	null	null	null	None	0	null	0	0	null	null	null	null	null	
2024/11/23 15:48:29.715	b135e9c82f3b5af8414a656ace8a78c8d45a7834	Windows 11  (10.0.22631) 64bit (Editor)	True	null	null	null	null	null	null	None	0	null	0	0	null	null	null	null	null	
2024/11/23 15:48:29.722	b135e9c82f3b5af8414a656ace8a78c8d45a7834	Windows 11  (10.0.22631) 64bit (Editor)	True	null	null	null	null	null	null	None	0	null	0	0	null	null	null	null	null	
2024/11/23 15:48:29.728	b135e9c82f3b5af8414a656ace8a78c8d45a7834	Windows 11  (10.0.22631) 64bit (Editor)	True	null	null	null	null	null	null	None	0	null	0	0	null	null	null	null	null	
2024/11/23 15:48:29.737	b135e9c82f3b5af8414a656ace8a78c8d45a7834	Windows 11  (10.0.22631) 64bit (Editor)	True	null	null	null	null	null	null	None	0	null	0	0	null	null	null	null	null	
2024/11/23 15:48:29.744	b135e9c82f3b5af8414a656ace8a78c8d45a7834	Windows 11  (10.0.22631) 64bit (Editor)	True	null	null	null	null	null	null	None	0	null	0	0	null	null	null	null	null	
2024/11/23 15:48:29.752	b135e9c82f3b5af8414a656ace8a78c8d45a7834	Windows 11  (10.0.22631) 64bit (Editor)	True	null	null	null	null	null	null	None	0	null	0	0	null	null	null	null	null	
2024/11/23 15:48:29.760	b135e9c82f3b5af8414a656ace8a78c8d45a7834	Windows 11  (10.0.22631) 64bit (Editor)	True	null	null	null	null	null	null	None	0	null	0	0	null	null	null	null	null	
2024/11/23 15:48:29.767	b135e9c82f3b5af8414a656ace8a78c8d45a7834	Windows 11  (10.0.22631) 64bit (Editor)	True	null	null	null	null	null	null	None	0	null	0	0	null	null	null	null	null	
2024/11/23 15:48:29.774	b135e9c82f3b5af8414a656ace8a78c8d45a7834	Windows 11  (10.0.22631) 64bit (Editor)	True	null	null	null	null	null	null	None	0	null	0	0	null	null	null	null	null	
2024/11/23 15:48:29.782	b135e9c82f3b5af8414a656ace8a78c8d45a7834	Windows 11  (10.0.22631) 64bit (Editor)	True	null	null	null	null	null	null	None	0	null	0	0	null	null	null	null	null	
2024/11/23 15:48:29.788	b135e9c82f3b5af8414a656ace8a78c8d45a7834	Windows 11  (10.0.22631) 64bit (Editor)	True	null	null	null	null	null	null	None	0	null	0	0	null	null	null	null	null	
2024/11/23 15:48:29.796	b135e9c82f3b5af8414a656ace8a78c8d45a7834	Windows 11  (10.0.22631) 64bit (Editor)	True	null	null	null	null	null	null	None	0	null	0	0	null	null	null	null	null	
2024/11/23 15:48:29.803	b135e9c82f3b5af8414a656ace8a78c8d45a7834	Windows 11  (10.0.22631) 64bit (Editor)	True	null	null	null	null	null	null	None	0	null	0	0	null	null	null	null	null	
2024/11/23 15:48:29.811	b135e9c82f3b5af8414a656ace8a78c8d45a7834	Windows 11  (10.0.22631) 64bit (Editor)	True	null	null	null	null	null	null	None	0	null	0	0	null	null	null	null	null	
2024/11/23 15:48:29.827	b135e9c82f3b5af8414a656ace8a78c8d45a7834	Windows 11  (10.0.22631) 64bit (Editor)	True	null	null	null	null	null	null	None	0	null	0	0	null	null	null	null	null	
2024/11/23 15:48:29.834	b135e9c82f3b5af8414a656ace8a78c8d45a7834	Windows 11  (10.0.22631) 64bit (Editor)	True	null	null	null	null	null	null	None	0	null	0	0	null	null	null	null	null	
2024/11/23 15:48:29.843	b135e9c82f3b5af8414a656ace8a78c8d45a7834	Windows 11  (10.0.22631) 64bit (Editor)	True	null	null	null	null	null	null	None	0	null	0	0	null	null	null	null	null	
2024/11/23 15:48:29.849	b135e9c82f3b5af8414a656ace8a78c8d45a7834	Windows 11  (10.0.22631) 64bit (Editor)	True	null	null	null	null	null	null	None	0	null	0	0	null	null	null	null	null	
2024/11/23 15:48:29.859	b135e9c82f3b5af8414a656ace8a78c8d45a7834	Windows 11  (10.0.22631) 64bit (Editor)	True	null	null	null	null	null	null	None	0	null	0	0	null	null	null	null	null	
2024/11/23 15:48:29.865	b135e9c82f3b5af8414a656ace8a78c8d45a7834	Windows 11  (10.0.22631) 64bit (Editor)	True	null	null	null	null	null	null	None	0	null	0	0	null	null	null	null	null	
2024/11/23 15:48:29.873	b135e9c82f3b5af8414a656ace8a78c8d45a7834	Windows 11  (10.0.22631) 64bit (Editor)	True	null	null	null	null	null	null	None	0	null	0	0	null	null	null	null	null	
2024/11/23 15:48:29.886	b135e9c82f3b5af8414a656ace8a78c8d45a7834	Windows 11  (10.0.22631) 64bit (Editor)	True	null	null	null	null	null	null	None	0	null	0	0	null	null	null	null	null	
2024/11/23 15:48:29.892	b135e9c82f3b5af8414a656ace8a78c8d45a7834	Windows 11  (10.0.22631) 64bit (Editor)	True	null	null	null	null	null	null	None	0	null	0	0	null	null	null	null	null	
2024/11/23 15:48:29.900	b135e9c82f3b5af8414a656ace8a78c8d45a7834	Windows 11  (10.0.22631) 64bit (Editor)	True	null	null	null	null	null	null	None	0	null	0	0	null	null	null	null	null	
2024/11/23 15:48:29.907	b135e9c82f3b5af8414a656ace8a78c8d45a7834	Windows 11  (10.0.22631) 64bit (Editor)	True	null	null	null	null	null	null	None	0	null	0	0	null	null	null	null	null	
2024/11/23 15:48:29.914	b135e9c82f3b5af8414a656ace8a78c8d45a7834	Windows 11  (10.0.22631) 64bit (Editor)	True	null	null	null	null	null	null	None	0	null	0	0	null	null	null	null	null	
2024/11/23 15:48:29.920	b135e9c82f3b5af8414a656ace8a78c8d45a7834	Windows 11  (10.0.22631) 64bit (Editor)	True	null	null	null	null	null	null	None	0	null	0	0	null	null	null	null	null	
2024/11/23 15:48:29.926	b135e9c82f3b5af8414a656ace8a78c8d45a7834	Windows 11  (10.0.22631) 64bit (Editor)	True	null	null	null	null	null	null	None	0	null	0	0	null	null	null	null	null	
2024/11/23 15:48:29.934	b135e9c82f3b5af8414a656ace8a78c8d45a7834	Windows 11  (10.0.22631) 64bit (Editor)	True	null	null	null	null	null	null	None	0	null	0	0	null	null	null	null	null	
2024/11/23 15:48:29.940	b135e9c82f3b5af8414a656ace8a78c8d45a7834	Windows 11  (10.0.22631) 64bit (Editor)	True	null	null	null	null	null	null	None	0	null	0	0	null	null	null	null	null	
2024/11/23 15:48:29.946	b135e9c82f3b5af8414a656ace8a78c8d45a7834	Windows 11  (10.0.22631) 64bit (Editor)	True	null	null	null	null	null	null	None	0	null	0	0	null	null	null	null	null	
2024/11/23 15:48:29.953	b135e9c82f3b5af8414a656ace8a78c8d45a7834	Windows 11  (10.0.22631) 64bit (Editor)	True	null	null	null	null	null	null	None	0	null	0	0	null	null	null	null	null	
2024/11/23 15:48:29.959	b135e9c82f3b5af8414a656ace8a78c8d45a7834	Windows 11  (10.0.22631) 64bit (Editor)	True	null	null	null	null	null	null	None	0	null	0	0	null	null	null	null	null	
2024/11/23 15:48:29.966	b135e9c82f3b5af8414a656ace8a78c8d45a7834	Windows 11  (10.0.22631) 64bit (Editor)	True	null	null	null	null	null	null	None	0	null	0	0	null	null	null	null	null	
2024/11/23 15:48:29.983	b135e9c82f3b5af8414a656ace8a78c8d45a7834	Windows 11  (10.0.22631) 64bit (Editor)	True	null	null	null	null	null	null	None	0	null	0	0	null	null	null	null	null	
2024/11/23 15:48:29.991	b135e9c82f3b5af8414a656ace8a78c8d45a7834	Windows 11  (10.0.22631) 64bit (Editor)	True	null	null	null	null	null	null	None	0	null	0	0	null	null	null	null	null	
2024/11/23 15:48:29.999	b135e9c82f3b5af8414a656ace8a78c8d45a7834	Windows 11  (10.0.22631) 64bit (Editor)	True	null	null	null	null	null	null	None	0	null	0	0	null	null	null	null	null	
2024/11/23 15:48:30.006	b135e9c82f3b5af8414a656ace8a78c8d45a7834	Windows 11  (10.0.22631) 64bit (Editor)	True	null	null	null	null	null	null	None	0	null	0	0	null	null	null	null	null	
2024/11/23 15:48:30.013	b135e9c82f3b5af8414a656ace8a78c8d45a7834	Windows 11  (10.0.22631) 64bit (Editor)	True	null	null	null	null	null	null	None	0	null	0	0	null	null	null	null	null	
2024/11/23 15:48:30.021	b135e9c82f3b5af8414a656ace8a78c8d45a7834	Windows 11  (10.0.22631) 64bit (Editor)	True	null	null	null	null	null	null	None	0	null	0	0	null	null	null	null	null	
2024/11/23 15:48:30.029	b135e9c82f3b5af8414a656ace8a78c8d45a7834	Windows 11  (10.0.22631) 64bit (Editor)	True	null	null	null	null	null	null	None	0	null	0	0	null	null	null	null	null	
2024/11/23 15:48:30.035	b135e9c82f3b5af8414a656ace8a78c8d45a7834	Windows 11  (10.0.22631) 64bit (Editor)	True	null	null	null	null	null	null	None	0	null	0	0	null	null	null	null	null	
2024/11/23 15:48:30.043	b135e9c82f3b5af8414a656ace8a78c8d45a7834	Windows 11  (10.0.22631) 64bit (Editor)	True	null	null	null	null	null	null	None	0	null	0	0	null	null	null	null	null	
2024/11/23 15:48:30.049	b135e9c82f3b5af8414a656ace8a78c8d45a7834	Windows 11  (10.0.22631) 64bit (Editor)	True	null	null	null	null	null	null	None	0	null	0	0	null	null	null	null	null	
2024/11/23 15:48:30.056	b135e9c82f3b5af8414a656ace8a78c8d45a7834	Windows 11  (10.0.22631) 64bit (Editor)	True	null	null	null	null	null	null	None	0	null	0	0	null	null	null	null	null	
2024/11/23 15:48:30.063	b135e9c82f3b5af8414a656ace8a78c8d45a7834	Windows 11  (10.0.22631) 64bit (Editor)	True	null	null	null	null	null	null	None	0	null	0	0	null	null	null	null	null	
2024/11/23 15:48:30.069	b135e9c82f3b5af8414a656ace8a78c8d45a7834	Windows 11  (10.0.22631) 64bit (Editor)	True	null	null	null	null	null	null	None	0	null	0	0	null	null	null	null	null	
2024/11/23 15:48:30.076	b135e9c82f3b5af8414a656ace8a78c8d45a7834	Windows 11  (10.0.22631) 64bit (Editor)	True	null	null	null	null	null	null	None	0	null	0	0	null	null	null	null	null	
2024/11/23 15:48:30.082	b135e9c82f3b5af8414a656ace8a78c8d45a7834	Windows 11  (10.0.22631) 64bit (Editor)	True	null	null	null	null	null	null	None	0	null	0	0	null	null	null	null	null	
2024/11/23 15:48:30.090	b135e9c82f3b5af8414a656ace8a78c8d45a7834	Windows 11  (10.0.22631) 64bit (Editor)	True	null	null	null	null	null	null	None	0	null	0	0	null	null	null	null	null	
2024/11/23 15:48:30.097	b135e9c82f3b5af8414a656ace8a78c8d45a7834	Windows 11  (10.0.22631) 64bit (Editor)	True	null	null	null	null	null	null	None	0	null	0	0	null	null	null	null	null	
2024/11/23 15:48:30.104	b135e9c82f3b5af8414a656ace8a78c8d45a7834	Windows 11  (10.0.22631) 64bit (Editor)	True	null	null	null	null	null	null	None	0	null	0	0	null	null	null	null	null	
2024/11/23 15:48:30.110	b135e9c82f3b5af8414a656ace8a78c8d45a7834	Windows 11  (10.0.22631) 64bit (Editor)	True	null	null	null	null	null	null	None	0	null	0	0	null	null	null	null	null	
2024/11/23 15:48:30.119	b135e9c82f3b5af8414a656ace8a78c8d45a7834	Windows 11  (10.0.22631) 64bit (Editor)	True	null	null	null	null	null	null	None	0	null	0	0	null	null	null	null	null	
2024/11/23 15:48:30.136	b135e9c82f3b5af8414a656ace8a78c8d45a7834	Windows 11  (10.0.22631) 64bit (Editor)	True	null	null	null	null	null	null	None	0	null	0	0	null	null	null	null	null	
2024/11/23 15:48:30.144	b135e9c82f3b5af8414a656ace8a78c8d45a7834	Windows 11  (10.0.22631) 64bit (Editor)	True	null	null	null	null	null	null	None	0	null	0	0	null	null	null	null	null	
2024/11/23 15:48:30.151	b135e9c82f3b5af8414a656ace8a78c8d45a7834	Windows 11  (10.0.22631) 64bit (Editor)	True	null	null	null	null	null	null	None	0	null	0	0	null	null	null	null	null	
2024/11/23 15:48:30.158	b135e9c82f3b5af8414a656ace8a78c8d45a7834	Windows 11  (10.0.22631) 64bit (Editor)	True	null	null	null	null	null	null	None	0	null	0	0	null	null	null	null	null	
2024/11/23 15:48:30.166	b135e9c82f3b5af8414a656ace8a78c8d45a7834	Windows 11  (10.0.22631) 64bit (Editor)	True	null	null	null	null	null	null	None	0	null	0	0	null	null	null	null	null	
2024/11/23 15:48:30.172	b135e9c82f3b5af8414a656ace8a78c8d45a7834	Windows 11  (10.0.22631) 64bit (Editor)	True	null	null	null	null	null	null	None	0	null	0	0	null	null	null	null	null	
2024/11/23 15:48:30.178	b135e9c82f3b5af8414a656ace8a78c8d45a7834	Windows 11  (10.0.22631) 64bit (Editor)	True	null	null	null	null	null	null	None	0	null	0	0	null	null	null	null	null	
2024/11/23 15:48:30.186	b135e9c82f3b5af8414a656ace8a78c8d45a7834	Windows 11  (10.0.22631) 64bit (Editor)	True	null	null	null	null	null	null	None	0	null	0	0	null	null	null	null	null	
2024/11/23 15:48:30.193	b135e9c82f3b5af8414a656ace8a78c8d45a7834	Windows 11  (10.0.22631) 64bit (Editor)	True	null	null	null	null	null	null	None	0	null	0	0	null	null	null	null	null	
2024/11/23 15:48:30.200	b135e9c82f3b5af8414a656ace8a78c8d45a7834	Windows 11  (10.0.22631) 64bit (Editor)	True	null	null	null	null	null	null	None	0	null	0	0	null	null	null	null	null	
2024/11/23 15:48:30.206	b135e9c82f3b5af8414a656ace8a78c8d45a7834	Windows 11  (10.0.22631) 64bit (Editor)	True	null	null	null	null	null	null	None	0	null	0	0	null	null	null	null	null	
2024/11/23 15:48:30.213	b135e9c82f3b5af8414a656ace8a78c8d45a7834	Windows 11  (10.0.22631) 64bit (Editor)	True	null	null	null	null	null	null	None	0	null	0	0	null	null	null	null	null	
2024/11/23 15:48:30.220	b135e9c82f3b5af8414a656ace8a78c8d45a7834	Windows 11  (10.0.22631) 64bit (Editor)	True	null	null	null	null	null	null	None	0	null	0	0	null	null	null	null	null	
2024/11/23 15:48:30.227	b135e9c82f3b5af8414a656ace8a78c8d45a7834	Windows 11  (10.0.22631) 64bit (Editor)	True	null	null	null	null	null	null	None	0	null	0	0	null	null	null	null	null	
2024/11/23 15:48:30.233	b135e9c82f3b5af8414a656ace8a78c8d45a7834	Windows 11  (10.0.22631) 64bit (Editor)	True	null	null	null	null	null	null	None	0	null	0	0	null	null	null	null	null	
2024/11/23 15:48:30.240	b135e9c82f3b5af8414a656ace8a78c8d45a7834	Windows 11  (10.0.22631) 64bit (Editor)	True	null	null	null	null	null	null	None	0	null	0	0	null	null	null	null	null	
2024/11/23 15:48:30.247	b135e9c82f3b5af8414a656ace8a78c8d45a7834	Windows 11  (10.0.22631) 64bit (Editor)	True	null	null	null	null	null	null	None	0	null	0	0	null	null	null	null	null	
2024/11/23 15:48:30.255	b135e9c82f3b5af8414a656ace8a78c8d45a7834	Windows 11  (10.0.22631) 64bit (Editor)	True	null	null	null	null	null	null	None	0	null	0	0	null	null	null	null	null	
2024/11/23 15:48:30.263	b135e9c82f3b5af8414a656ace8a78c8d45a7834	Windows 11  (10.0.22631) 64bit (Editor)	True	null	null	null	null	null	null	None	0	null	0	0	null	null	null	null	null	
2024/11/23 15:48:30.270	b135e9c82f3b5af8414a656ace8a78c8d45a7834	Windows 11  (10.0.22631) 64bit (Editor)	True	null	null	null	null	null	null	None	0	null	0	0	null	null	null	null	null	
2024/11/23 15:48:30.287	b135e9c82f3b5af8414a656ace8a78c8d45a7834	Windows 11  (10.0.22631) 64bit (Editor)	True	null	null	null	null	null	null	None	0	null	0	0	null	null	null	null	null	
2024/11/23 15:48:30.295	b135e9c82f3b5af8414a656ace8a78c8d45a7834	Windows 11  (10.0.22631) 64bit (Editor)	True	null	null	null	null	null	null	None	0	null	0	0	null	null	null	null	null	
2024/11/23 15:48:30.303	b135e9c82f3b5af8414a656ace8a78c8d45a7834	Windows 11  (10.0.22631) 64bit (Editor)	True	null	null	null	null	null	null	None	0	null	0	0	null	null	null	null	null	
2024/11/23 15:48:30.310	b135e9c82f3b5af8414a656ace8a78c8d45a7834	Windows 11  (10.0.22631) 64bit (Editor)	True	null	null	null	null	null	null	None	0	null	0	0	null	null	null	null	null	
2024/11/23 15:48:30.317	b135e9c82f3b5af8414a656ace8a78c8d45a7834	Windows 11  (10.0.22631) 64bit (Editor)	True	null	null	null	null	null	null	None	0	null	0	0	null	null	null	null	null	
2024/11/23 15:48:30.325	b135e9c82f3b5af8414a656ace8a78c8d45a7834	Windows 11  (10.0.22631) 64bit (Editor)	True	null	null	null	null	null	null	None	0	null	0	0	null	null	null	null	null	
2024/11/23 15:48:30.332	b135e9c82f3b5af8414a656ace8a78c8d45a7834	Windows 11  (10.0.22631) 64bit (Editor)	True	null	null	null	null	null	null	None	0	null	0	0	null	null	null	null	null	
2024/11/23 15:48:30.340	b135e9c82f3b5af8414a656ace8a78c8d45a7834	Windows 11  (10.0.22631) 64bit (Editor)	True	null	null	null	null	null	null	None	0	null	0	0	null	null	null	null	null	
2024/11/23 15:48:30.347	b135e9c82f3b5af8414a656ace8a78c8d45a7834	Windows 11  (10.0.22631) 64bit (Editor)	True	null	null	null	null	null	null	None	0	null	0	0	null	null	null	null	null	
2024/11/23 15:48:30.355	b135e9c82f3b5af8414a656ace8a78c8d45a7834	Windows 11  (10.0.22631) 64bit (Editor)	True	null	null	null	null	null	null	None	0	null	0	0	null	null	null	null	null	
2024/11/23 15:48:30.361	b135e9c82f3b5af8414a656ace8a78c8d45a7834	Windows 11  (10.0.22631) 64bit (Editor)	True	null	null	null	null	null	null	None	0	null	0	0	null	null	null	null	null	
2024/11/23 15:48:30.368	b135e9c82f3b5af8414a656ace8a78c8d45a7834	Windows 11  (10.0.22631) 64bit (Editor)	True	null	null	null	null	null	null	None	0	null	0	0	null	null	null	null	null	
2024/11/23 15:48:30.376	b135e9c82f3b5af8414a656ace8a78c8d45a7834	Windows 11  (10.0.22631) 64bit (Editor)	True	null	null	null	null	null	null	None	0	null	0	0	null	null	null	null	null	
2024/11/23 15:48:30.386	b135e9c82f3b5af8414a656ace8a78c8d45a7834	Windows 11  (10.0.22631) 64bit (Editor)	True	null	null	null	null	null	null	None	0	null	0	0	null	null	null	null	null	
2024/11/23 15:48:30.392	b135e9c82f3b5af8414a656ace8a78c8d45a7834	Windows 11  (10.0.22631) 64bit (Editor)	True	null	null	null	null	null	null	None	0	null	0	0	null	null	null	null	null	
2024/11/23 15:48:30.399	b135e9c82f3b5af8414a656ace8a78c8d45a7834	Windows 11  (10.0.22631) 64bit (Editor)	True	null	null	null	null	null	null	None	0	null	0	0	null	null	null	null	null	
2024/11/23 15:48:30.406	b135e9c82f3b5af8414a656ace8a78c8d45a7834	Windows 11  (10.0.22631) 64bit (Editor)	True	null	null	null	null	null	null	None	0	null	0	0	null	null	null	null	null	
2024/11/23 15:48:30.413	b135e9c82f3b5af8414a656ace8a78c8d45a7834	Windows 11  (10.0.22631) 64bit (Editor)	True	null	null	null	null	null	null	None	0	null	0	0	null	null	null	null	null	
2024/11/23 15:48:30.421	b135e9c82f3b5af8414a656ace8a78c8d45a7834	Windows 11  (10.0.22631) 64bit (Editor)	True	null	null	null	null	null	null	None	0	null	0	0	null	null	null	null	null	
2024/11/23 15:48:30.436	b135e9c82f3b5af8414a656ace8a78c8d45a7834	Windows 11  (10.0.22631) 64bit (Editor)	True	null	null	null	null	null	null	None	0	null	0	0	null	null	null	null	null	
2024/11/23 15:48:30.444	b135e9c82f3b5af8414a656ace8a78c8d45a7834	Windows 11  (10.0.22631) 64bit (Editor)	True	null	null	null	null	null	null	None	0	null	0	0	null	null	null	null	null	
2024/11/23 15:48:30.451	b135e9c82f3b5af8414a656ace8a78c8d45a7834	Windows 11  (10.0.22631) 64bit (Editor)	True	null	null	null	null	null	null	None	0	null	0	0	null	null	null	null	null	
2024/11/23 15:48:30.458	b135e9c82f3b5af8414a656ace8a78c8d45a7834	Windows 11  (10.0.22631) 64bit (Editor)	True	null	null	null	null	null	null	None	0	null	0	0	null	null	null	null	null	
2024/11/23 15:48:30.466	b135e9c82f3b5af8414a656ace8a78c8d45a7834	Windows 11  (10.0.22631) 64bit (Editor)	True	null	null	null	null	null	null	None	0	null	0	0	null	null	null	null	null	
2024/11/23 15:48:30.473	b135e9c82f3b5af8414a656ace8a78c8d45a7834	Windows 11  (10.0.22631) 64bit (Editor)	True	null	null	null	null	null	null	None	0	null	0	0	null	null	null	null	null	
2024/11/23 15:48:30.482	b135e9c82f3b5af8414a656ace8a78c8d45a7834	Windows 11  (10.0.22631) 64bit (Editor)	True	null	null	null	null	null	null	None	0	null	0	0	null	null	null	null	null	
2024/11/23 15:48:30.492	b135e9c82f3b5af8414a656ace8a78c8d45a7834	Windows 11  (10.0.22631) 64bit (Editor)	True	null	null	null	null	null	null	None	0	null	0	0	null	null	null	null	null	
2024/11/23 15:48:30.499	b135e9c82f3b5af8414a656ace8a78c8d45a7834	Windows 11  (10.0.22631) 64bit (Editor)	True	null	null	null	null	null	null	None	0	null	0	0	null	null	null	null	null	
2024/11/23 15:48:30.509	b135e9c82f3b5af8414a656ace8a78c8d45a7834	Windows 11  (10.0.22631) 64bit (Editor)	True	null	null	null	null	null	null	None	0	null	0	0	null	null	null	null	null	
2024/11/23 15:48:30.523	b135e9c82f3b5af8414a656ace8a78c8d45a7834	Windows 11  (10.0.22631) 64bit (Editor)	True	null	null	null	null	null	null	None	0	null	0	0	null	null	null	null	null	
2024/11/23 15:48:30.533	b135e9c82f3b5af8414a656ace8a78c8d45a7834	Windows 11  (10.0.22631) 64bit (Editor)	True	null	null	null	null	null	null	None	0	null	0	0	null	null	null	null	null	
2024/11/23 15:48:30.542	b135e9c82f3b5af8414a656ace8a78c8d45a7834	Windows 11  (10.0.22631) 64bit (Editor)	True	null	null	null	null	null	null	None	0	null	0	0	null	null	null	null	null	
2024/11/23 15:48:30.549	b135e9c82f3b5af8414a656ace8a78c8d45a7834	Windows 11  (10.0.22631) 64bit (Editor)	True	null	null	null	null	null	null	None	0	null	0	0	null	null	null	null	null	
2024/11/23 15:48:30.558	b135e9c82f3b5af8414a656ace8a78c8d45a7834	Windows 11  (10.0.22631) 64bit (Editor)	True	null	null	null	null	null	null	None	0	null	0	0	null	null	null	null	null	
2024/11/23 15:48:30.570	b135e9c82f3b5af8414a656ace8a78c8d45a7834	Windows 11  (10.0.22631) 64bit (Editor)	True	null	null	null	null	null	null	None	0	null	0	0	null	null	null	null	null	
2024/11/23 15:48:30.590	b135e9c82f3b5af8414a656ace8a78c8d45a7834	Windows 11  (10.0.22631) 64bit (Editor)	True	null	null	null	null	null	null	None	0	null	0	0	null	null	null	null	null	
2024/11/23 15:48:30.597	b135e9c82f3b5af8414a656ace8a78c8d45a7834	Windows 11  (10.0.22631) 64bit (Editor)	True	null	null	null	null	null	null	None	0	null	0	0	null	null	null	null	null	
2024/11/23 15:48:30.606	b135e9c82f3b5af8414a656ace8a78c8d45a7834	Windows 11  (10.0.22631) 64bit (Editor)	True	null	null	null	null	null	null	None	0	null	0	0	null	null	null	null	null	
2024/11/23 15:48:30.614	b135e9c82f3b5af8414a656ace8a78c8d45a7834	Windows 11  (10.0.22631) 64bit (Editor)	True	null	null	null	null	null	null	None	0	null	0	0	null	null	null	null	null	
2024/11/23 15:48:30.623	b135e9c82f3b5af8414a656ace8a78c8d45a7834	Windows 11  (10.0.22631) 64bit (Editor)	True	null	null	null	null	null	null	None	0	null	0	0	null	null	null	null	null	
2024/11/23 15:48:30.630	b135e9c82f3b5af8414a656ace8a78c8d45a7834	Windows 11  (10.0.22631) 64bit (Editor)	True	null	null	null	null	null	null	None	0	null	0	0	null	null	null	null	null	
2024/11/23 15:48:30.639	b135e9c82f3b5af8414a656ace8a78c8d45a7834	Windows 11  (10.0.22631) 64bit (Editor)	True	null	null	null	null	null	null	None	0	null	0	0	null	null	null	null	null	
2024/11/23 15:48:30.647	b135e9c82f3b5af8414a656ace8a78c8d45a7834	Windows 11  (10.0.22631) 64bit (Editor)	True	null	null	null	null	null	null	None	0	null	0	0	null	null	null	null	null	
2024/11/23 15:48:30.655	b135e9c82f3b5af8414a656ace8a78c8d45a7834	Windows 11  (10.0.22631) 64bit (Editor)	True	null	null	null	null	null	null	None	0	null	0	0	null	null	null	null	null	
2024/11/23 15:48:30.666	b135e9c82f3b5af8414a656ace8a78c8d45a7834	Windows 11  (10.0.22631) 64bit (Editor)	True	null	null	null	null	null	null	None	0	null	0	0	null	null	null	null	null	
2024/11/23 15:48:30.673	b135e9c82f3b5af8414a656ace8a78c8d45a7834	Windows 11  (10.0.22631) 64bit (Editor)	True	null	null	null	null	null	null	None	0	null	0	0	null	null	null	null	null	
2024/11/23 15:48:30.682	b135e9c82f3b5af8414a656ace8a78c8d45a7834	Windows 11  (10.0.22631) 64bit (Editor)	True	null	null	null	null	null	null	None	0	null	0	0	null	null	null	null	null	
2024/11/23 15:48:30.688	b135e9c82f3b5af8414a656ace8a78c8d45a7834	Windows 11  (10.0.22631) 64bit (Editor)	True	null	null	null	null	null	null	None	0	null	0	0	null	null	null	null	null	
2024/11/23 15:48:30.695	b135e9c82f3b5af8414a656ace8a78c8d45a7834	Windows 11  (10.0.22631) 64bit (Editor)	True	null	null	null	null	null	null	None	0	null	0	0	null	null	null	null	null	
2024/11/23 15:48:30.702	b135e9c82f3b5af8414a656ace8a78c8d45a7834	Windows 11  (10.0.22631) 64bit (Editor)	True	null	null	null	null	null	null	None	0	null	0	0	null	null	null	null	null	
2024/11/23 15:48:30.711	b135e9c82f3b5af8414a656ace8a78c8d45a7834	Windows 11  (10.0.22631) 64bit (Editor)	True	null	null	null	null	null	null	None	0	null	0	0	null	null	null	null	null	
2024/11/23 15:48:30.719	b135e9c82f3b5af8414a656ace8a78c8d45a7834	Windows 11  (10.0.22631) 64bit (Editor)	True	null	null	null	null	null	null	None	0	null	0	0	null	null	null	null	null	
2024/11/23 15:48:30.725	b135e9c82f3b5af8414a656ace8a78c8d45a7834	Windows 11  (10.0.22631) 64bit (Editor)	True	null	null	null	null	null	null	None	0	null	0	0	null	null	null	null	null	
2024/11/23 15:48:30.742	b135e9c82f3b5af8414a656ace8a78c8d45a7834	Windows 11  (10.0.22631) 64bit (Editor)	True	null	null	null	null	null	null	None	0	null	0	0	null	null	null	null	null	
2024/11/23 15:48:30.749	b135e9c82f3b5af8414a656ace8a78c8d45a7834	Windows 11  (10.0.22631) 64bit (Editor)	True	null	null	null	null	null	null	None	0	null	0	0	null	null	null	null	null	
2024/11/23 15:48:30.757	b135e9c82f3b5af8414a656ace8a78c8d45a7834	Windows 11  (10.0.22631) 64bit (Editor)	True	null	null	null	null	null	null	None	0	null	0	0	null	null	null	null	null	
2024/11/23 15:48:30.764	b135e9c82f3b5af8414a656ace8a78c8d45a7834	Windows 11  (10.0.22631) 64bit (Editor)	True	null	null	null	null	null	null	None	0	null	0	0	null	null	null	null	null	
2024/11/23 15:48:30.772	b135e9c82f3b5af8414a656ace8a78c8d45a7834	Windows 11  (10.0.22631) 64bit (Editor)	True	null	null	null	null	null	null	None	0	null	0	0	null	null	null	null	null	
2024/11/23 15:48:30.780	b135e9c82f3b5af8414a656ace8a78c8d45a7834	Windows 11  (10.0.22631) 64bit (Editor)	True	null	null	null	null	null	null	None	0	null	0	0	null	null	null	null	null	
2024/11/23 15:48:30.787	b135e9c82f3b5af8414a656ace8a78c8d45a7834	Windows 11  (10.0.22631) 64bit (Editor)	True	null	null	null	null	null	null	None	0	null	0	0	null	null	null	null	null	
2024/11/23 15:48:30.794	b135e9c82f3b5af8414a656ace8a78c8d45a7834	Windows 11  (10.0.22631) 64bit (Editor)	True	null	null	null	null	null	null	None	0	null	0	0	null	null	null	null	null	
2024/11/23 15:48:30.801	b135e9c82f3b5af8414a656ace8a78c8d45a7834	Windows 11  (10.0.22631) 64bit (Editor)	True	null	null	null	null	null	null	None	0	null	0	0	null	null	null	null	null	
2024/11/23 15:48:30.809	b135e9c82f3b5af8414a656ace8a78c8d45a7834	Windows 11  (10.0.22631) 64bit (Editor)	True	null	null	null	null	null	null	None	0	null	0	0	null	null	null	null	null	
2024/11/23 15:48:30.814	b135e9c82f3b5af8414a656ace8a78c8d45a7834	Windows 11  (10.0.22631) 64bit (Editor)	True	null	null	null	null	null	null	None	0	null	0	0	null	null	null	null	null	
2024/11/23 15:48:30.822	b135e9c82f3b5af8414a656ace8a78c8d45a7834	Windows 11  (10.0.22631) 64bit (Editor)	True	null	null	null	null	null	null	None	0	null	0	0	null	null	null	null	null	
2024/11/23 15:48:30.829	b135e9c82f3b5af8414a656ace8a78c8d45a7834	Windows 11  (10.0.22631) 64bit (Editor)	True	null	null	null	null	null	null	None	0	null	0	0	null	null	null	null	null	
2024/11/23 15:48:30.835	b135e9c82f3b5af8414a656ace8a78c8d45a7834	Windows 11  (10.0.22631) 64bit (Editor)	True	null	null	null	null	null	null	None	0	null	0	0	null	null	null	null	null	
2024/11/23 15:48:30.843	b135e9c82f3b5af8414a656ace8a78c8d45a7834	Windows 11  (10.0.22631) 64bit (Editor)	True	null	null	null	null	null	null	None	0	null	0	0	null	null	null	null	null	
2024/11/23 15:48:30.849	b135e9c82f3b5af8414a656ace8a78c8d45a7834	Windows 11  (10.0.22631) 64bit (Editor)	True	null	null	null	null	null	null	None	0	null	0	0	null	null	null	null	null	
2024/11/23 15:48:30.857	b135e9c82f3b5af8414a656ace8a78c8d45a7834	Windows 11  (10.0.22631) 64bit (Editor)	True	null	null	null	null	null	null	None	0	null	0	0	null	null	null	null	null	
2024/11/23 15:48:30.863	b135e9c82f3b5af8414a656ace8a78c8d45a7834	Windows 11  (10.0.22631) 64bit (Editor)	True	null	null	null	null	null	null	None	0	null	0	0	null	null	null	null	null	
2024/11/23 15:48:30.871	b135e9c82f3b5af8414a656ace8a78c8d45a7834	Windows 11  (10.0.22631) 64bit (Editor)	True	null	null	null	null	null	null	None	0	null	0	0	null	null	null	null	null	
2024/11/23 15:48:30.879	b135e9c82f3b5af8414a656ace8a78c8d45a7834	Windows 11  (10.0.22631) 64bit (Editor)	True	null	null	null	null	null	null	None	0	null	0	0	null	null	null	null	null	
2024/11/23 15:48:30.895	b135e9c82f3b5af8414a656ace8a78c8d45a7834	Windows 11  (10.0.22631) 64bit (Editor)	True	null	null	null	null	null	null	None	0	null	0	0	null	null	null	null	null	
2024/11/23 15:48:30.904	b135e9c82f3b5af8414a656ace8a78c8d45a7834	Windows 11  (10.0.22631) 64bit (Editor)	True	null	null	null	null	null	null	None	0	null	0	0	null	null	null	null	null	
2024/11/23 15:48:30.909	b135e9c82f3b5af8414a656ace8a78c8d45a7834	Windows 11  (10.0.22631) 64bit (Editor)	True	null	null	null	null	null	null	None	0	null	0	0	null	null	null	null	null	
2024/11/23 15:48:30.924	b135e9c82f3b5af8414a656ace8a78c8d45a7834	Windows 11  (10.0.22631) 64bit (Editor)	True	null	null	null	null	null	null	None	0	null	0	0	null	null	null	null	null	
2024/11/23 15:48:30.930	b135e9c82f3b5af8414a656ace8a78c8d45a7834	Windows 11  (10.0.22631) 64bit (Editor)	True	null	null	null	null	null	null	None	0	null	0	0	null	null	null	null	null	
2024/11/23 15:48:30.937	b135e9c82f3b5af8414a656ace8a78c8d45a7834	Windows 11  (10.0.22631) 64bit (Editor)	True	null	null	null	null	null	null	None	0	null	0	0	null	null	null	null	null	
2024/11/23 15:48:30.944	b135e9c82f3b5af8414a656ace8a78c8d45a7834	Windows 11  (10.0.22631) 64bit (Editor)	True	null	null	null	null	null	null	None	0	null	0	0	null	null	null	null	null	
2024/11/23 15:48:30.951	b135e9c82f3b5af8414a656ace8a78c8d45a7834	Windows 11  (10.0.22631) 64bit (Editor)	True	null	null	null	null	null	null	None	0	null	0	0	null	null	null	null	null	
2024/11/23 15:48:30.958	b135e9c82f3b5af8414a656ace8a78c8d45a7834	Windows 11  (10.0.22631) 64bit (Editor)	True	null	null	null	null	null	null	None	0	null	0	0	null	null	null	null	null	
2024/11/23 15:48:30.965	b135e9c82f3b5af8414a656ace8a78c8d45a7834	Windows 11  (10.0.22631) 64bit (Editor)	True	null	null	null	null	null	null	None	0	null	0	0	null	null	null	null	null	
2024/11/23 15:48:30.972	b135e9c82f3b5af8414a656ace8a78c8d45a7834	Windows 11  (10.0.22631) 64bit (Editor)	True	null	null	null	null	null	null	None	0	null	0	0	null	null	null	null	null	
2024/11/23 15:48:30.979	b135e9c82f3b5af8414a656ace8a78c8d45a7834	Windows 11  (10.0.22631) 64bit (Editor)	True	null	null	null	null	null	null	None	0	null	0	0	null	null	null	null	null	
2024/11/23 15:48:30.986	b135e9c82f3b5af8414a656ace8a78c8d45a7834	Windows 11  (10.0.22631) 64bit (Editor)	True	null	null	null	null	null	null	None	0	null	0	0	null	null	null	null	null	
2024/11/23 15:48:30.993	b135e9c82f3b5af8414a656ace8a78c8d45a7834	Windows 11  (10.0.22631) 64bit (Editor)	True	null	null	null	null	null	null	None	0	null	0	0	null	null	null	null	null	
2024/11/23 15:48:31.000	b135e9c82f3b5af8414a656ace8a78c8d45a7834	Windows 11  (10.0.22631) 64bit (Editor)	True	null	null	null	null	null	null	None	0	null	0	0	null	null	null	null	null	
2024/11/23 15:48:31.007	b135e9c82f3b5af8414a656ace8a78c8d45a7834	Windows 11  (10.0.22631) 64bit (Editor)	True	null	null	null	null	null	null	None	0	null	0	0	null	null	null	null	null	
2024/11/23 15:48:31.014	b135e9c82f3b5af8414a656ace8a78c8d45a7834	Windows 11  (10.0.22631) 64bit (Editor)	True	null	null	null	null	null	null	None	0	null	0	0	null	null	null	null	null	
2024/11/23 15:48:31.021	b135e9c82f3b5af8414a656ace8a78c8d45a7834	Windows 11  (10.0.22631) 64bit (Editor)	True	null	null	null	null	null	null	None	0	null	0	0	null	null	null	null	null	
2024/11/23 15:48:31.029	b135e9c82f3b5af8414a656ace8a78c8d45a7834	Windows 11  (10.0.22631) 64bit (Editor)	True	null	null	null	null	null	null	None	0	null	0	0	null	null	null	null	null	
2024/11/23 15:48:31.036	b135e9c82f3b5af8414a656ace8a78c8d45a7834	Windows 11  (10.0.22631) 64bit (Editor)	True	null	null	null	null	null	null	None	0	null	0	0	null	null	null	null	null	
2024/11/23 15:48:31.053	b135e9c82f3b5af8414a656ace8a78c8d45a7834	Windows 11  (10.0.22631) 64bit (Editor)	True	null	null	null	null	null	null	None	0	null	0	0	null	null	null	null	null	
2024/11/23 15:48:31.062	b135e9c82f3b5af8414a656ace8a78c8d45a7834	Windows 11  (10.0.22631) 64bit (Editor)	True	null	null	null	null	null	null	None	0	null	0	0	null	null	null	null	null	
2024/11/23 15:48:31.069	b135e9c82f3b5af8414a656ace8a78c8d45a7834	Windows 11  (10.0.22631) 64bit (Editor)	True	null	null	null	null	null	null	None	0	null	0	0	null	null	null	null	null	
2024/11/23 15:48:31.075	b135e9c82f3b5af8414a656ace8a78c8d45a7834	Windows 11  (10.0.22631) 64bit (Editor)	True	null	null	null	null	null	null	None	0	null	0	0	null	null	null	null	null	
2024/11/23 15:48:31.082	b135e9c82f3b5af8414a656ace8a78c8d45a7834	Windows 11  (10.0.22631) 64bit (Editor)	True	null	null	null	null	null	null	None	0	null	0	0	null	null	null	null	null	
2024/11/23 15:48:31.091	b135e9c82f3b5af8414a656ace8a78c8d45a7834	Windows 11  (10.0.22631) 64bit (Editor)	True	null	null	null	null	null	null	None	0	null	0	0	null	null	null	null	null	
2024/11/23 15:48:31.097	b135e9c82f3b5af8414a656ace8a78c8d45a7834	Windows 11  (10.0.22631) 64bit (Editor)	True	null	null	null	null	null	null	None	0	null	0	0	null	null	null	null	null	
2024/11/23 15:48:31.106	b135e9c82f3b5af8414a656ace8a78c8d45a7834	Windows 11  (10.0.22631) 64bit (Editor)	True	null	null	null	null	null	null	None	0	null	0	0	null	null	null	null	null	
2024/11/23 15:48:31.112	b135e9c82f3b5af8414a656ace8a78c8d45a7834	Windows 11  (10.0.22631) 64bit (Editor)	True	null	null	null	null	null	null	None	0	null	0	0	null	null	null	null	null	
2024/11/23 15:48:31.120	b135e9c82f3b5af8414a656ace8a78c8d45a7834	Windows 11  (10.0.22631) 64bit (Editor)	True	null	null	null	null	null	null	None	0	null	0	0	null	null	null	null	null	
2024/11/23 15:48:31.126	b135e9c82f3b5af8414a656ace8a78c8d45a7834	Windows 11  (10.0.22631) 64bit (Editor)	True	null	null	null	null	null	null	None	0	null	0	0	null	null	null	null	null	
2024/11/23 15:48:31.133	b135e9c82f3b5af8414a656ace8a78c8d45a7834	Windows 11  (10.0.22631) 64bit (Editor)	True	null	null	null	null	null	null	None	0	null	0	0	null	null	null	null	null	
2024/11/23 15:48:31.141	b135e9c82f3b5af8414a656ace8a78c8d45a7834	Windows 11  (10.0.22631) 64bit (Editor)	True	null	null	null	null	null	null	None	0	null	0	0	null	null	null	null	null	
2024/11/23 15:48:31.147	b135e9c82f3b5af8414a656ace8a78c8d45a7834	Windows 11  (10.0.22631) 64bit (Editor)	True	null	null	null	null	null	null	None	0	null	0	0	null	null	null	null	null	
2024/11/23 15:48:31.154	b135e9c82f3b5af8414a656ace8a78c8d45a7834	Windows 11  (10.0.22631) 64bit (Editor)	True	null	null	null	null	null	null	None	0	null	0	0	null	null	null	null	null	
2024/11/23 15:48:31.161	b135e9c82f3b5af8414a656ace8a78c8d45a7834	Windows 11  (10.0.22631) 64bit (Editor)	True	null	null	null	null	null	null	None	0	null	0	0	null	null	null	null	null	
2024/11/23 15:48:31.167	b135e9c82f3b5af8414a656ace8a78c8d45a7834	Windows 11  (10.0.22631) 64bit (Editor)	True	null	null	null	null	null	null	None	0	null	0	0	null	null	null	null	null	
2024/11/23 15:48:31.175	b135e9c82f3b5af8414a656ace8a78c8d45a7834	Windows 11  (10.0.22631) 64bit (Editor)	True	null	null	null	null	null	null	None	0	null	0	0	null	null	null	null	null	
2024/11/23 15:48:31.182	b135e9c82f3b5af8414a656ace8a78c8d45a7834	Windows 11  (10.0.22631) 64bit (Editor)	True	null	null	null	null	null	null	None	0	null	0	0	null	null	null	null	null	
2024/11/23 15:48:31.189	b135e9c82f3b5af8414a656ace8a78c8d45a7834	Windows 11  (10.0.22631) 64bit (Editor)	True	null	null	null	null	null	null	None	0	null	0	0	null	null	null	null	null	
2024/11/23 15:48:31.205	b135e9c82f3b5af8414a656ace8a78c8d45a7834	Windows 11  (10.0.22631) 64bit (Editor)	True	null	null	null	null	null	null	None	0	null	0	0	null	null	null	null	null	
2024/11/23 15:48:31.215	b135e9c82f3b5af8414a656ace8a78c8d45a7834	Windows 11  (10.0.22631) 64bit (Editor)	True	null	null	null	null	null	null	None	0	null	0	0	null	null	null	null	null	
2024/11/23 15:48:31.224	b135e9c82f3b5af8414a656ace8a78c8d45a7834	Windows 11  (10.0.22631) 64bit (Editor)	True	null	null	null	null	null	null	None	0	null	0	0	null	null	null	null	null	
2024/11/23 15:48:31.231	b135e9c82f3b5af8414a656ace8a78c8d45a7834	Windows 11  (10.0.22631) 64bit (Editor)	True	null	null	null	null	null	null	None	0	null	0	0	null	null	null	null	null	
2024/11/23 15:48:31.243	b135e9c82f3b5af8414a656ace8a78c8d45a7834	Windows 11  (10.0.22631) 64bit (Editor)	True	null	null	null	null	null	null	None	0	null	0	0	null	null	null	null	null	
2024/11/23 15:48:31.251	b135e9c82f3b5af8414a656ace8a78c8d45a7834	Windows 11  (10.0.22631) 64bit (Editor)	True	null	null	null	null	null	null	None	0	null	0	0	null	null	null	null	null	
2024/11/23 15:48:31.261	b135e9c82f3b5af8414a656ace8a78c8d45a7834	Windows 11  (10.0.22631) 64bit (Editor)	True	null	null	null	null	null	null	None	0	null	0	0	null	null	null	null	null	
2024/11/23 15:48:31.268	b135e9c82f3b5af8414a656ace8a78c8d45a7834	Windows 11  (10.0.22631) 64bit (Editor)	True	null	null	null	null	null	null	None	0	null	0	0	null	null	null	null	null	
2024/11/23 15:48:31.277	b135e9c82f3b5af8414a656ace8a78c8d45a7834	Windows 11  (10.0.22631) 64bit (Editor)	True	null	null	null	null	null	null	None	0	null	0	0	null	null	null	null	null	
2024/11/23 15:48:31.285	b135e9c82f3b5af8414a656ace8a78c8d45a7834	Windows 11  (10.0.22631) 64bit (Editor)	True	null	null	null	null	null	null	None	0	null	0	0	null	null	null	null	null	
2024/11/23 15:48:31.294	b135e9c82f3b5af8414a656ace8a78c8d45a7834	Windows 11  (10.0.22631) 64bit (Editor)	True	null	null	null	null	null	null	None	0	null	0	0	null	null	null	null	null	
2024/11/23 15:48:31.301	b135e9c82f3b5af8414a656ace8a78c8d45a7834	Windows 11  (10.0.22631) 64bit (Editor)	True	null	null	null	null	null	null	None	0	null	0	0	null	null	null	null	null	
2024/11/23 15:48:31.310	b135e9c82f3b5af8414a656ace8a78c8d45a7834	Windows 11  (10.0.22631) 64bit (Editor)	True	null	null	null	null	null	null	None	0	null	0	0	null	null	null	null	null	
2024/11/23 15:48:31.320	b135e9c82f3b5af8414a656ace8a78c8d45a7834	Windows 11  (10.0.22631) 64bit (Editor)	True	null	null	null	null	null	null	None	0	null	0	0	null	null	null	null	null	
2024/11/23 15:48:31.327	b135e9c82f3b5af8414a656ace8a78c8d45a7834	Windows 11  (10.0.22631) 64bit (Editor)	True	null	null	null	null	null	null	None	0	null	0	0	null	null	null	null	null	
2024/11/23 15:48:31.335	b135e9c82f3b5af8414a656ace8a78c8d45a7834	Windows 11  (10.0.22631) 64bit (Editor)	True	null	null	null	null	null	null	None	0	null	0	0	null	null	null	null	null	
2024/11/23 15:48:31.343	b135e9c82f3b5af8414a656ace8a78c8d45a7834	Windows 11  (10.0.22631) 64bit (Editor)	True	null	null	null	null	null	null	None	0	null	0	0	null	null	null	null	null	
2024/11/23 15:48:31.360	b135e9c82f3b5af8414a656ace8a78c8d45a7834	Windows 11  (10.0.22631) 64bit (Editor)	True	null	null	null	null	null	null	None	0	null	0	0	null	null	null	null	null	
2024/11/23 15:48:31.367	b135e9c82f3b5af8414a656ace8a78c8d45a7834	Windows 11  (10.0.22631) 64bit (Editor)	True	null	null	null	null	null	null	None	0	null	0	0	null	null	null	null	null	
2024/11/23 15:48:31.374	b135e9c82f3b5af8414a656ace8a78c8d45a7834	Windows 11  (10.0.22631) 64bit (Editor)	True	null	null	null	null	null	null	None	0	null	0	0	null	null	null	null	null	
2024/11/23 15:48:31.381	b135e9c82f3b5af8414a656ace8a78c8d45a7834	Windows 11  (10.0.22631) 64bit (Editor)	True	null	null	null	null	null	null	None	0	null	0	0	null	null	null	null	null	
2024/11/23 15:48:31.388	b135e9c82f3b5af8414a656ace8a78c8d45a7834	Windows 11  (10.0.22631) 64bit (Editor)	True	null	null	null	null	null	null	None	0	null	0	0	null	null	null	null	null	
2024/11/23 15:48:31.394	b135e9c82f3b5af8414a656ace8a78c8d45a7834	Windows 11  (10.0.22631) 64bit (Editor)	True	null	null	null	null	null	null	None	0	null	0	0	null	null	null	null	null	
2024/11/23 15:48:31.402	b135e9c82f3b5af8414a656ace8a78c8d45a7834	Windows 11  (10.0.22631) 64bit (Editor)	True	null	null	null	null	null	null	None	0	null	0	0	null	null	null	null	null	
2024/11/23 15:48:31.410	b135e9c82f3b5af8414a656ace8a78c8d45a7834	Windows 11  (10.0.22631) 64bit (Editor)	True	null	null	null	null	null	null	None	0	null	0	0	null	null	null	null	null	
2024/11/23 15:48:31.416	b135e9c82f3b5af8414a656ace8a78c8d45a7834	Windows 11  (10.0.22631) 64bit (Editor)	True	null	null	null	null	null	null	None	0	null	0	0	null	null	null	null	null	
2024/11/23 15:48:31.423	b135e9c82f3b5af8414a656ace8a78c8d45a7834	Windows 11  (10.0.22631) 64bit (Editor)	True	null	null	null	null	null	null	None	0	null	0	0	null	null	null	null	null	
2024/11/23 15:48:31.431	b135e9c82f3b5af8414a656ace8a78c8d45a7834	Windows 11  (10.0.22631) 64bit (Editor)	True	null	null	null	null	null	null	None	0	null	0	0	null	null	null	null	null	
2024/11/23 15:48:31.438	b135e9c82f3b5af8414a656ace8a78c8d45a7834	Windows 11  (10.0.22631) 64bit (Editor)	True	null	null	null	null	null	null	None	0	null	0	0	null	null	null	null	null	
2024/11/23 15:48:31.445	b135e9c82f3b5af8414a656ace8a78c8d45a7834	Windows 11  (10.0.22631) 64bit (Editor)	True	null	null	null	null	null	null	None	0	null	0	0	null	null	null	null	null	
2024/11/23 15:48:31.453	b135e9c82f3b5af8414a656ace8a78c8d45a7834	Windows 11  (10.0.22631) 64bit (Editor)	True	null	null	null	null	null	null	None	0	null	0	0	null	null	null	null	null	
2024/11/23 15:48:31.460	b135e9c82f3b5af8414a656ace8a78c8d45a7834	Windows 11  (10.0.22631) 64bit (Editor)	True	null	null	null	null	null	null	None	0	null	0	0	null	null	null	null	null	
2024/11/23 15:48:31.466	b135e9c82f3b5af8414a656ace8a78c8d45a7834	Windows 11  (10.0.22631) 64bit (Editor)	True	null	null	null	null	null	null	None	0	null	0	0	null	null	null	null	null	
2024/11/23 15:48:31.474	b135e9c82f3b5af8414a656ace8a78c8d45a7834	Windows 11  (10.0.22631) 64bit (Editor)	True	null	null	null	null	null	null	None	0	null	0	0	null	null	null	null	null	
2024/11/23 15:48:31.480	b135e9c82f3b5af8414a656ace8a78c8d45a7834	Windows 11  (10.0.22631) 64bit (Editor)	True	null	null	null	null	null	null	None	0	null	0	0	null	null	null	null	null	
2024/11/23 15:48:31.487	b135e9c82f3b5af8414a656ace8a78c8d45a7834	Windows 11  (10.0.22631) 64bit (Editor)	True	null	null	null	null	null	null	None	0	null	0	0	null	null	null	null	null	
2024/11/23 15:48:31.494	b135e9c82f3b5af8414a656ace8a78c8d45a7834	Windows 11  (10.0.22631) 64bit (Editor)	True	null	null	null	null	null	null	None	0	null	0	0	null	null	null	null	null	
2024/11/23 15:48:31.512	b135e9c82f3b5af8414a656ace8a78c8d45a7834	Windows 11  (10.0.22631) 64bit (Editor)	True	null	null	null	null	null	null	None	0	null	0	0	null	null	null	null	null	
2024/11/23 15:48:31.520	b135e9c82f3b5af8414a656ace8a78c8d45a7834	Windows 11  (10.0.22631) 64bit (Editor)	True	null	null	null	null	null	null	None	0	null	0	0	null	null	null	null	null	
2024/11/23 15:48:31.528	b135e9c82f3b5af8414a656ace8a78c8d45a7834	Windows 11  (10.0.22631) 64bit (Editor)	True	null	null	null	null	null	null	None	0	null	0	0	null	null	null	null	null	
2024/11/23 15:48:31.535	b135e9c82f3b5af8414a656ace8a78c8d45a7834	Windows 11  (10.0.22631) 64bit (Editor)	True	null	null	null	null	null	null	None	0	null	0	0	null	null	null	null	null	
2024/11/23 15:48:31.542	b135e9c82f3b5af8414a656ace8a78c8d45a7834	Windows 11  (10.0.22631) 64bit (Editor)	True	null	null	null	null	null	null	None	0	null	0	0	null	null	null	null	null	
2024/11/23 15:48:31.549	b135e9c82f3b5af8414a656ace8a78c8d45a7834	Windows 11  (10.0.22631) 64bit (Editor)	True	null	null	null	null	null	null	None	0	null	0	0	null	null	null	null	null	
2024/11/23 15:48:31.557	b135e9c82f3b5af8414a656ace8a78c8d45a7834	Windows 11  (10.0.22631) 64bit (Editor)	True	null	null	null	null	null	null	None	0	null	0	0	null	null	null	null	null	
2024/11/23 15:48:31.564	b135e9c82f3b5af8414a656ace8a78c8d45a7834	Windows 11  (10.0.22631) 64bit (Editor)	True	null	null	null	null	null	null	None	0	null	0	0	null	null	null	null	null	
2024/11/23 15:48:31.572	b135e9c82f3b5af8414a656ace8a78c8d45a7834	Windows 11  (10.0.22631) 64bit (Editor)	True	null	null	null	null	null	null	None	0	null	0	0	null	null	null	null	null	
2024/11/23 15:48:31.580	b135e9c82f3b5af8414a656ace8a78c8d45a7834	Windows 11  (10.0.22631) 64bit (Editor)	True	null	null	null	null	null	null	None	0	null	0	0	null	null	null	null	null	
2024/11/23 15:48:31.589	b135e9c82f3b5af8414a656ace8a78c8d45a7834	Windows 11  (10.0.22631) 64bit (Editor)	True	null	null	null	null	null	null	None	0	null	0	0	null	null	null	null	null	
2024/11/23 15:48:31.596	b135e9c82f3b5af8414a656ace8a78c8d45a7834	Windows 11  (10.0.22631) 64bit (Editor)	True	null	null	null	null	null	null	None	0	null	0	0	null	null	null	null	null	
2024/11/23 15:48:31.605	b135e9c82f3b5af8414a656ace8a78c8d45a7834	Windows 11  (10.0.22631) 64bit (Editor)	True	null	null	null	null	null	null	None	0	null	0	0	null	null	null	null	null	
2024/11/23 15:48:31.613	b135e9c82f3b5af8414a656ace8a78c8d45a7834	Windows 11  (10.0.22631) 64bit (Editor)	True	null	null	null	null	null	null	None	0	null	0	0	null	null	null	null	null	
2024/11/23 15:48:31.621	b135e9c82f3b5af8414a656ace8a78c8d45a7834	Windows 11  (10.0.22631) 64bit (Editor)	True	null	null	null	null	null	null	None	0	null	0	0	null	null	null	null	null	
2024/11/23 15:48:31.629	b135e9c82f3b5af8414a656ace8a78c8d45a7834	Windows 11  (10.0.22631) 64bit (Editor)	True	null	null	null	null	null	null	None	0	null	0	0	null	null	null	null	null	
2024/11/23 15:48:31.639	b135e9c82f3b5af8414a656ace8a78c8d45a7834	Windows 11  (10.0.22631) 64bit (Editor)	True	null	null	null	null	null	null	None	0	null	0	0	null	null	null	null	null	
2024/11/23 15:48:31.647	b135e9c82f3b5af8414a656ace8a78c8d45a7834	Windows 11  (10.0.22631) 64bit (Editor)	True	null	null	null	null	null	null	None	0	null	0	0	null	null	null	null	null	
2024/11/23 15:48:31.666	b135e9c82f3b5af8414a656ace8a78c8d45a7834	Windows 11  (10.0.22631) 64bit (Editor)	True	null	null	null	null	null	null	None	0	null	0	0	null	null	null	null	null	
2024/11/23 15:48:31.673	b135e9c82f3b5af8414a656ace8a78c8d45a7834	Windows 11  (10.0.22631) 64bit (Editor)	True	null	null	null	null	null	null	None	0	null	0	0	null	null	null	null	null	
2024/11/23 15:48:31.681	b135e9c82f3b5af8414a656ace8a78c8d45a7834	Windows 11  (10.0.22631) 64bit (Editor)	True	null	null	null	null	null	null	None	0	null	0	0	null	null	null	null	null	
2024/11/23 15:48:31.688	b135e9c82f3b5af8414a656ace8a78c8d45a7834	Windows 11  (10.0.22631) 64bit (Editor)	True	null	null	null	null	null	null	None	0	null	0	0	null	null	null	null	null	
2024/11/23 15:48:31.695	b135e9c82f3b5af8414a656ace8a78c8d45a7834	Windows 11  (10.0.22631) 64bit (Editor)	True	null	null	null	null	null	null	None	0	null	0	0	null	null	null	null	null	
2024/11/23 15:48:31.703	b135e9c82f3b5af8414a656ace8a78c8d45a7834	Windows 11  (10.0.22631) 64bit (Editor)	True	null	null	null	null	null	null	None	0	null	0	0	null	null	null	null	null	
2024/11/23 15:48:31.710	b135e9c82f3b5af8414a656ace8a78c8d45a7834	Windows 11  (10.0.22631) 64bit (Editor)	True	null	null	null	null	null	null	None	0	null	0	0	null	null	null	null	null	
2024/11/23 15:48:31.718	b135e9c82f3b5af8414a656ace8a78c8d45a7834	Windows 11  (10.0.22631) 64bit (Editor)	True	null	null	null	null	null	null	None	0	null	0	0	null	null	null	null	null	
2024/11/23 15:48:31.725	b135e9c82f3b5af8414a656ace8a78c8d45a7834	Windows 11  (10.0.22631) 64bit (Editor)	True	null	null	null	null	null	null	None	0	null	0	0	null	null	null	null	null	
2024/11/23 15:48:31.732	b135e9c82f3b5af8414a656ace8a78c8d45a7834	Windows 11  (10.0.22631) 64bit (Editor)	True	null	null	null	null	null	null	None	0	null	0	0	null	null	null	null	null	
2024/11/23 15:48:31.740	b135e9c82f3b5af8414a656ace8a78c8d45a7834	Windows 11  (10.0.22631) 64bit (Editor)	True	null	null	null	null	null	null	None	0	null	0	0	null	null	null	null	null	
2024/11/23 15:48:31.749	b135e9c82f3b5af8414a656ace8a78c8d45a7834	Windows 11  (10.0.22631) 64bit (Editor)	True	null	null	null	null	null	null	None	0	null	0	0	null	null	null	null	null	
2024/11/23 15:48:31.757	b135e9c82f3b5af8414a656ace8a78c8d45a7834	Windows 11  (10.0.22631) 64bit (Editor)	True	null	null	null	null	null	null	None	0	null	0	0	null	null	null	null	null	
2024/11/23 15:48:31.763	b135e9c82f3b5af8414a656ace8a78c8d45a7834	Windows 11  (10.0.22631) 64bit (Editor)	True	null	null	null	null	null	null	None	0	null	0	0	null	null	null	null	null	
2024/11/23 15:48:31.771	b135e9c82f3b5af8414a656ace8a78c8d45a7834	Windows 11  (10.0.22631) 64bit (Editor)	True	null	null	null	null	null	null	None	0	null	0	0	null	null	null	null	null	
2024/11/23 15:48:31.778	b135e9c82f3b5af8414a656ace8a78c8d45a7834	Windows 11  (10.0.22631) 64bit (Editor)	True	null	null	null	null	null	null	None	0	null	0	0	null	null	null	null	null	
2024/11/23 15:48:31.786	b135e9c82f3b5af8414a656ace8a78c8d45a7834	Windows 11  (10.0.22631) 64bit (Editor)	True	null	null	null	null	null	null	None	0	null	0	0	null	null	null	null	null	
2024/11/23 15:48:31.793	b135e9c82f3b5af8414a656ace8a78c8d45a7834	Windows 11  (10.0.22631) 64bit (Editor)	True	null	null	null	null	null	null	None	0	null	0	0	null	null	null	null	null	
2024/11/23 15:48:31.801	b135e9c82f3b5af8414a656ace8a78c8d45a7834	Windows 11  (10.0.22631) 64bit (Editor)	True	null	null	null	null	null	null	None	0	null	0	0	null	null	null	null	null	
2024/11/23 15:48:31.816	b135e9c82f3b5af8414a656ace8a78c8d45a7834	Windows 11  (10.0.22631) 64bit (Editor)	True	null	null	null	null	null	null	None	0	null	0	0	null	null	null	null	null	
2024/11/23 15:48:31.829	b135e9c82f3b5af8414a656ace8a78c8d45a7834	Windows 11  (10.0.22631) 64bit (Editor)	True	null	null	null	null	null	null	None	0	null	0	0	null	null	null	null	null	
2024/11/23 15:48:31.840	b135e9c82f3b5af8414a656ace8a78c8d45a7834	Windows 11  (10.0.22631) 64bit (Editor)	True	null	null	null	null	null	null	None	0	null	0	0	null	null	null	null	null	
2024/11/23 15:48:31.847	b135e9c82f3b5af8414a656ace8a78c8d45a7834	Windows 11  (10.0.22631) 64bit (Editor)	True	null	null	null	null	null	null	None	0	null	0	0	null	null	null	null	null	
2024/11/23 15:48:31.860	b135e9c82f3b5af8414a656ace8a78c8d45a7834	Windows 11  (10.0.22631) 64bit (Editor)	True	null	null	null	null	null	null	None	0	null	0	0	null	null	null	null	null	
2024/11/23 15:48:31.867	b135e9c82f3b5af8414a656ace8a78c8d45a7834	Windows 11  (10.0.22631) 64bit (Editor)	True	null	null	null	null	null	null	None	0	null	0	0	null	null	null	null	null	
2024/11/23 15:48:31.877	b135e9c82f3b5af8414a656ace8a78c8d45a7834	Windows 11  (10.0.22631) 64bit (Editor)	True	null	null	null	null	null	null	None	0	null	0	0	null	null	null	null	null	
2024/11/23 15:48:31.886	b135e9c82f3b5af8414a656ace8a78c8d45a7834	Windows 11  (10.0.22631) 64bit (Editor)	True	null	null	null	null	null	null	None	0	null	0	0	null	null	null	null	null	
2024/11/23 15:48:31.894	b135e9c82f3b5af8414a656ace8a78c8d45a7834	Windows 11  (10.0.22631) 64bit (Editor)	True	null	null	null	null	null	null	None	0	null	0	0	null	null	null	null	null	
2024/11/23 15:48:31.902	b135e9c82f3b5af8414a656ace8a78c8d45a7834	Windows 11  (10.0.22631) 64bit (Editor)	True	null	null	null	null	null	null	None	0	null	0	0	null	null	null	null	null	
2024/11/23 15:48:31.910	b135e9c82f3b5af8414a656ace8a78c8d45a7834	Windows 11  (10.0.22631) 64bit (Editor)	True	null	null	null	null	null	null	None	0	null	0	0	null	null	null	null	null	
2024/11/23 15:48:31.917	b135e9c82f3b5af8414a656ace8a78c8d45a7834	Windows 11  (10.0.22631) 64bit (Editor)	True	null	null	null	null	null	null	None	0	null	0	0	null	null	null	null	null	
2024/11/23 15:48:31.924	b135e9c82f3b5af8414a656ace8a78c8d45a7834	Windows 11  (10.0.22631) 64bit (Editor)	True	null	null	null	null	null	null	None	0	null	0	0	null	null	null	null	null	
2024/11/23 15:48:31.933	b135e9c82f3b5af8414a656ace8a78c8d45a7834	Windows 11  (10.0.22631) 64bit (Editor)	True	null	null	null	null	null	null	None	0	null	0	0	null	null	null	null	null	
2024/11/23 15:48:31.940	b135e9c82f3b5af8414a656ace8a78c8d45a7834	Windows 11  (10.0.22631) 64bit (Editor)	True	null	null	null	null	null	null	None	0	null	0	0	null	null	null	null	null	
2024/11/23 15:48:31.947	b135e9c82f3b5af8414a656ace8a78c8d45a7834	Windows 11  (10.0.22631) 64bit (Editor)	True	null	null	null	null	null	null	None	0	null	0	0	null	null	null	null	null	
2024/11/23 15:48:31.959	b135e9c82f3b5af8414a656ace8a78c8d45a7834	Windows 11  (10.0.22631) 64bit (Editor)	True	null	null	null	null	null	null	None	0	null	0	0	null	null	null	null	null	
2024/11/23 15:48:31.976	b135e9c82f3b5af8414a656ace8a78c8d45a7834	Windows 11  (10.0.22631) 64bit (Editor)	True	null	null	null	null	null	null	None	0	null	0	0	null	null	null	null	null	
2024/11/23 15:48:31.984	b135e9c82f3b5af8414a656ace8a78c8d45a7834	Windows 11  (10.0.22631) 64bit (Editor)	True	null	null	null	null	null	null	None	0	null	0	0	null	null	null	null	null	
2024/11/23 15:48:31.994	b135e9c82f3b5af8414a656ace8a78c8d45a7834	Windows 11  (10.0.22631) 64bit (Editor)	True	null	null	null	null	null	null	None	0	null	0	0	null	null	null	null	null	
2024/11/23 15:48:32.001	b135e9c82f3b5af8414a656ace8a78c8d45a7834	Windows 11  (10.0.22631) 64bit (Editor)	True	null	null	null	null	null	null	None	0	null	0	0	null	null	null	null	null	
2024/11/23 15:48:32.009	b135e9c82f3b5af8414a656ace8a78c8d45a7834	Windows 11  (10.0.22631) 64bit (Editor)	True	null	null	null	null	null	null	None	0	null	0	0	null	null	null	null	null	
2024/11/23 15:48:32.017	b135e9c82f3b5af8414a656ace8a78c8d45a7834	Windows 11  (10.0.22631) 64bit (Editor)	True	null	null	null	null	null	null	None	0	null	0	0	null	null	null	null	null	
2024/11/23 15:48:32.025	b135e9c82f3b5af8414a656ace8a78c8d45a7834	Windows 11  (10.0.22631) 64bit (Editor)	True	null	null	null	null	null	null	None	0	null	0	0	null	null	null	null	null	
2024/11/23 15:48:32.032	b135e9c82f3b5af8414a656ace8a78c8d45a7834	Windows 11  (10.0.22631) 64bit (Editor)	True	null	null	null	null	null	null	None	0	null	0	0	null	null	null	null	null	
2024/11/23 15:48:32.041	b135e9c82f3b5af8414a656ace8a78c8d45a7834	Windows 11  (10.0.22631) 64bit (Editor)	True	null	null	null	null	null	null	None	0	null	0	0	null	null	null	null	null	
2024/11/23 15:48:32.049	b135e9c82f3b5af8414a656ace8a78c8d45a7834	Windows 11  (10.0.22631) 64bit (Editor)	True	null	null	null	null	null	null	None	0	null	0	0	null	null	null	null	null	
2024/11/23 15:48:32.062	b135e9c82f3b5af8414a656ace8a78c8d45a7834	Windows 11  (10.0.22631) 64bit (Editor)	True	null	null	null	null	null	null	None	0	null	0	0	null	null	null	null	null	
2024/11/23 15:48:32.070	b135e9c82f3b5af8414a656ace8a78c8d45a7834	Windows 11  (10.0.22631) 64bit (Editor)	True	null	null	null	null	null	null	None	0	null	0	0	null	null	null	null	null	
2024/11/23 15:48:32.077	b135e9c82f3b5af8414a656ace8a78c8d45a7834	Windows 11  (10.0.22631) 64bit (Editor)	True	null	null	null	null	null	null	None	0	null	0	0	null	null	null	null	null	
2024/11/23 15:48:32.085	b135e9c82f3b5af8414a656ace8a78c8d45a7834	Windows 11  (10.0.22631) 64bit (Editor)	True	null	null	null	null	null	null	None	0	null	0	0	null	null	null	null	null	
2024/11/23 15:48:32.092	b135e9c82f3b5af8414a656ace8a78c8d45a7834	Windows 11  (10.0.22631) 64bit (Editor)	True	null	null	null	null	null	null	None	0	null	0	0	null	null	null	null	null	
2024/11/23 15:48:32.101	b135e9c82f3b5af8414a656ace8a78c8d45a7834	Windows 11  (10.0.22631) 64bit (Editor)	True	null	null	null	null	null	null	None	0	null	0	0	null	null	null	null	null	
2024/11/23 15:48:32.109	b135e9c82f3b5af8414a656ace8a78c8d45a7834	Windows 11  (10.0.22631) 64bit (Editor)	True	null	null	null	null	null	null	None	0	null	0	0	null	null	null	null	null	
2024/11/23 15:48:32.117	b135e9c82f3b5af8414a656ace8a78c8d45a7834	Windows 11  (10.0.22631) 64bit (Editor)	True	null	null	null	null	null	null	None	0	null	0	0	null	null	null	null	null	
2024/11/23 15:48:32.140	b135e9c82f3b5af8414a656ace8a78c8d45a7834	Windows 11  (10.0.22631) 64bit (Editor)	True	null	null	null	null	null	null	None	0	null	0	0	null	null	null	null	null	
2024/11/23 15:48:32.147	b135e9c82f3b5af8414a656ace8a78c8d45a7834	Windows 11  (10.0.22631) 64bit (Editor)	True	null	null	null	null	null	null	None	0	null	0	0	null	null	null	null	null	
2024/11/23 15:48:32.154	b135e9c82f3b5af8414a656ace8a78c8d45a7834	Windows 11  (10.0.22631) 64bit (Editor)	True	null	null	null	null	null	null	None	0	null	0	0	null	null	null	null	null	
2024/11/23 15:48:32.161	b135e9c82f3b5af8414a656ace8a78c8d45a7834	Windows 11  (10.0.22631) 64bit (Editor)	True	null	null	null	null	null	null	None	0	null	0	0	null	null	null	null	null	
2024/11/23 15:48:32.170	b135e9c82f3b5af8414a656ace8a78c8d45a7834	Windows 11  (10.0.22631) 64bit (Editor)	True	null	null	null	null	null	null	None	0	null	0	0	null	null	null	null	null	
2024/11/23 15:48:32.178	b135e9c82f3b5af8414a656ace8a78c8d45a7834	Windows 11  (10.0.22631) 64bit (Editor)	True	null	null	null	null	null	null	None	0	null	0	0	null	null	null	null	null	
2024/11/23 15:48:32.188	b135e9c82f3b5af8414a656ace8a78c8d45a7834	Windows 11  (10.0.22631) 64bit (Editor)	True	null	null	null	null	null	null	None	0	null	0	0	null	null	null	null	null	
2024/11/23 15:48:32.196	b135e9c82f3b5af8414a656ace8a78c8d45a7834	Windows 11  (10.0.22631) 64bit (Editor)	True	null	null	null	null	null	null	None	0	null	0	0	null	null	null	null	null	
2024/11/23 15:48:32.206	b135e9c82f3b5af8414a656ace8a78c8d45a7834	Windows 11  (10.0.22631) 64bit (Editor)	True	null	null	null	null	null	null	None	0	null	0	0	null	null	null	null	null	
2024/11/23 15:48:32.213	b135e9c82f3b5af8414a656ace8a78c8d45a7834	Windows 11  (10.0.22631) 64bit (Editor)	True	null	null	null	null	null	null	None	0	null	0	0	null	null	null	null	null	
2024/11/23 15:48:32.221	b135e9c82f3b5af8414a656ace8a78c8d45a7834	Windows 11  (10.0.22631) 64bit (Editor)	True	null	null	null	null	null	null	None	0	null	0	0	null	null	null	null	null	
2024/11/23 15:48:32.228	b135e9c82f3b5af8414a656ace8a78c8d45a7834	Windows 11  (10.0.22631) 64bit (Editor)	True	null	null	null	null	null	null	None	0	null	0	0	null	null	null	null	null	
2024/11/23 15:48:32.235	b135e9c82f3b5af8414a656ace8a78c8d45a7834	Windows 11  (10.0.22631) 64bit (Editor)	True	null	null	null	null	null	null	None	0	null	0	0	null	null	null	null	null	
2024/11/23 15:48:32.243	b135e9c82f3b5af8414a656ace8a78c8d45a7834	Windows 11  (10.0.22631) 64bit (Editor)	True	null	null	null	null	null	null	None	0	null	0	0	null	null	null	null	null	
2024/11/23 15:48:32.249	b135e9c82f3b5af8414a656ace8a78c8d45a7834	Windows 11  (10.0.22631) 64bit (Editor)	True	null	null	null	null	null	null	None	0	null	0	0	null	null	null	null	null	
2024/11/23 15:48:32.259	b135e9c82f3b5af8414a656ace8a78c8d45a7834	Windows 11  (10.0.22631) 64bit (Editor)	True	null	null	null	null	null	null	None	0	null	0	0	null	null	null	null	null	
2024/11/23 15:48:32.269	b135e9c82f3b5af8414a656ace8a78c8d45a7834	Windows 11  (10.0.22631) 64bit (Editor)	True	null	null	null	null	null	null	None	0	null	0	0	null	null	null	null	null	
2024/11/23 15:48:32.286	b135e9c82f3b5af8414a656ace8a78c8d45a7834	Windows 11  (10.0.22631) 64bit (Editor)	True	null	null	null	null	null	null	None	0	null	0	0	null	null	null	null	null	
2024/11/23 15:48:32.294	b135e9c82f3b5af8414a656ace8a78c8d45a7834	Windows 11  (10.0.22631) 64bit (Editor)	True	null	null	null	null	null	null	None	0	null	0	0	null	null	null	null	null	
2024/11/23 15:48:32.302	b135e9c82f3b5af8414a656ace8a78c8d45a7834	Windows 11  (10.0.22631) 64bit (Editor)	True	null	null	null	null	null	null	None	0	null	0	0	null	null	null	null	null	
2024/11/23 15:48:32.309	b135e9c82f3b5af8414a656ace8a78c8d45a7834	Windows 11  (10.0.22631) 64bit (Editor)	True	null	null	null	null	null	null	None	0	null	0	0	null	null	null	null	null	
2024/11/23 15:48:32.315	b135e9c82f3b5af8414a656ace8a78c8d45a7834	Windows 11  (10.0.22631) 64bit (Editor)	True	null	null	null	null	null	null	None	0	null	0	0	null	null	null	null	null	
2024/11/23 15:48:32.323	b135e9c82f3b5af8414a656ace8a78c8d45a7834	Windows 11  (10.0.22631) 64bit (Editor)	True	null	null	null	null	null	null	None	0	null	0	0	null	null	null	null	null	
2024/11/23 15:48:32.330	b135e9c82f3b5af8414a656ace8a78c8d45a7834	Windows 11  (10.0.22631) 64bit (Editor)	True	null	null	null	null	null	null	None	0	null	0	0	null	null	null	null	null	
2024/11/23 15:48:32.337	b135e9c82f3b5af8414a656ace8a78c8d45a7834	Windows 11  (10.0.22631) 64bit (Editor)	True	null	null	null	null	null	null	None	0	null	0	0	null	null	null	null	null	
2024/11/23 15:48:32.344	b135e9c82f3b5af8414a656ace8a78c8d45a7834	Windows 11  (10.0.22631) 64bit (Editor)	True	null	null	null	null	null	null	None	0	null	0	0	null	null	null	null	null	
2024/11/23 15:48:32.353	b135e9c82f3b5af8414a656ace8a78c8d45a7834	Windows 11  (10.0.22631) 64bit (Editor)	True	null	null	null	null	null	null	None	0	null	0	0	null	null	null	null	null	
2024/11/23 15:48:32.361	b135e9c82f3b5af8414a656ace8a78c8d45a7834	Windows 11  (10.0.22631) 64bit (Editor)	True	null	null	null	null	null	null	None	0	null	0	0	null	null	null	null	null	
2024/11/23 15:48:32.368	b135e9c82f3b5af8414a656ace8a78c8d45a7834	Windows 11  (10.0.22631) 64bit (Editor)	True	null	null	null	null	null	null	None	0	null	0	0	null	null	null	null	null	
2024/11/23 15:48:32.376	b135e9c82f3b5af8414a656ace8a78c8d45a7834	Windows 11  (10.0.22631) 64bit (Editor)	True	null	null	null	null	null	null	None	0	null	0	0	null	null	null	null	null	
2024/11/23 15:48:32.387	b135e9c82f3b5af8414a656ace8a78c8d45a7834	Windows 11  (10.0.22631) 64bit (Editor)	True	null	null	null	null	null	null	None	0	null	0	0	null	null	null	null	null	
2024/11/23 15:48:32.395	b135e9c82f3b5af8414a656ace8a78c8d45a7834	Windows 11  (10.0.22631) 64bit (Editor)	True	null	null	null	null	null	null	None	0	null	0	0	null	null	null	null	null	
2024/11/23 15:48:32.405	b135e9c82f3b5af8414a656ace8a78c8d45a7834	Windows 11  (10.0.22631) 64bit (Editor)	True	null	null	null	null	null	null	None	0	null	0	0	null	null	null	null	null	
2024/11/23 15:48:32.413	b135e9c82f3b5af8414a656ace8a78c8d45a7834	Windows 11  (10.0.22631) 64bit (Editor)	True	null	null	null	null	null	null	None	0	null	0	0	null	null	null	null	null	
2024/11/23 15:48:32.421	b135e9c82f3b5af8414a656ace8a78c8d45a7834	Windows 11  (10.0.22631) 64bit (Editor)	True	null	null	null	null	null	null	None	0	null	0	0	null	null	null	null	null	
2024/11/23 15:48:32.438	b135e9c82f3b5af8414a656ace8a78c8d45a7834	Windows 11  (10.0.22631) 64bit (Editor)	True	null	null	null	null	null	null	None	0	null	0	0	null	null	null	null	null	
2024/11/23 15:48:32.448	b135e9c82f3b5af8414a656ace8a78c8d45a7834	Windows 11  (10.0.22631) 64bit (Editor)	True	null	null	null	null	null	null	None	0	null	0	0	null	null	null	null	null	
2024/11/23 15:48:32.456	b135e9c82f3b5af8414a656ace8a78c8d45a7834	Windows 11  (10.0.22631) 64bit (Editor)	True	null	null	null	null	null	null	None	0	null	0	0	null	null	null	null	null	
2024/11/23 15:48:32.464	b135e9c82f3b5af8414a656ace8a78c8d45a7834	Windows 11  (10.0.22631) 64bit (Editor)	True	null	null	null	null	null	null	None	0	null	0	0	null	null	null	null	null	
2024/11/23 15:48:32.471	b135e9c82f3b5af8414a656ace8a78c8d45a7834	Windows 11  (10.0.22631) 64bit (Editor)	True	null	null	null	null	null	null	None	0	null	0	0	null	null	null	null	null	
2024/11/23 15:48:32.479	b135e9c82f3b5af8414a656ace8a78c8d45a7834	Windows 11  (10.0.22631) 64bit (Editor)	True	null	null	null	null	null	null	None	0	null	0	0	null	null	null	null	null	
2024/11/23 15:48:32.485	b135e9c82f3b5af8414a656ace8a78c8d45a7834	Windows 11  (10.0.22631) 64bit (Editor)	True	null	null	null	null	null	null	None	0	null	0	0	null	null	null	null	null	
2024/11/23 15:48:32.493	b135e9c82f3b5af8414a656ace8a78c8d45a7834	Windows 11  (10.0.22631) 64bit (Editor)	True	null	null	null	null	null	null	None	0	null	0	0	null	null	null	null	null	
2024/11/23 15:48:32.509	b135e9c82f3b5af8414a656ace8a78c8d45a7834	Windows 11  (10.0.22631) 64bit (Editor)	True	null	null	null	null	null	null	None	0	null	0	0	null	null	null	null	null	
2024/11/23 15:48:32.517	b135e9c82f3b5af8414a656ace8a78c8d45a7834	Windows 11  (10.0.22631) 64bit (Editor)	True	null	null	null	null	null	null	None	0	null	0	0	null	null	null	null	null	
2024/11/23 15:48:32.526	b135e9c82f3b5af8414a656ace8a78c8d45a7834	Windows 11  (10.0.22631) 64bit (Editor)	True	null	null	null	null	null	null	None	0	null	0	0	null	null	null	null	null	
2024/11/23 15:48:32.532	b135e9c82f3b5af8414a656ace8a78c8d45a7834	Windows 11  (10.0.22631) 64bit (Editor)	True	null	null	null	null	null	null	None	0	null	0	0	null	null	null	null	null	
2024/11/23 15:48:32.541	b135e9c82f3b5af8414a656ace8a78c8d45a7834	Windows 11  (10.0.22631) 64bit (Editor)	True	null	null	null	null	null	null	None	0	null	0	0	null	null	null	null	null	
2024/11/23 15:48:32.548	b135e9c82f3b5af8414a656ace8a78c8d45a7834	Windows 11  (10.0.22631) 64bit (Editor)	True	null	null	null	null	null	null	None	0	null	0	0	null	null	null	null	null	
2024/11/23 15:48:32.555	b135e9c82f3b5af8414a656ace8a78c8d45a7834	Windows 11  (10.0.22631) 64bit (Editor)	True	null	null	null	null	null	null	None	0	null	0	0	null	null	null	null	null	
2024/11/23 15:48:32.561	b135e9c82f3b5af8414a656ace8a78c8d45a7834	Windows 11  (10.0.22631) 64bit (Editor)	True	null	null	null	null	null	null	None	0	null	0	0	null	null	null	null	null	
2024/11/23 15:48:32.568	b135e9c82f3b5af8414a656ace8a78c8d45a7834	Windows 11  (10.0.22631) 64bit (Editor)	True	null	null	null	null	null	null	None	0	null	0	0	null	null	null	null	null	
2024/11/23 15:48:32.575	b135e9c82f3b5af8414a656ace8a78c8d45a7834	Windows 11  (10.0.22631) 64bit (Editor)	True	null	null	null	null	null	null	None	0	null	0	0	null	null	null	null	null	
2024/11/23 15:48:32.593	b135e9c82f3b5af8414a656ace8a78c8d45a7834	Windows 11  (10.0.22631) 64bit (Editor)	True	null	null	null	null	null	null	None	0	null	0	0	null	null	null	null	null	
2024/11/23 15:48:32.601	b135e9c82f3b5af8414a656ace8a78c8d45a7834	Windows 11  (10.0.22631) 64bit (Editor)	True	null	null	null	null	null	null	None	0	null	0	0	null	null	null	null	null	
2024/11/23 15:48:32.608	b135e9c82f3b5af8414a656ace8a78c8d45a7834	Windows 11  (10.0.22631) 64bit (Editor)	True	null	null	null	null	null	null	None	0	null	0	0	null	null	null	null	null	
2024/11/23 15:48:32.615	b135e9c82f3b5af8414a656ace8a78c8d45a7834	Windows 11  (10.0.22631) 64bit (Editor)	True	null	null	null	null	null	null	None	0	null	0	0	null	null	null	null	null	
2024/11/23 15:48:32.623	b135e9c82f3b5af8414a656ace8a78c8d45a7834	Windows 11  (10.0.22631) 64bit (Editor)	True	null	null	null	null	null	null	None	0	null	0	0	null	null	null	null	null	
2024/11/23 15:48:32.630	b135e9c82f3b5af8414a656ace8a78c8d45a7834	Windows 11  (10.0.22631) 64bit (Editor)	True	null	null	null	null	null	null	None	0	null	0	0	null	null	null	null	null	
2024/11/23 15:48:32.646	b135e9c82f3b5af8414a656ace8a78c8d45a7834	Windows 11  (10.0.22631) 64bit (Editor)	True	null	null	null	null	null	null	None	0	null	0	0	null	null	null	null	null	
